datetime	OpenPrice	Highprice	lowprice	closeprice	tradedvalue	Numberoftrades	TradedQuantity
24-03-2025	158.0000	159.0000	157.2000	158.3500	78968023.0000	7766	498706
21-03-2025	159.2000	159.8000	156.9000	157.2500	108397674.0000	7269	684394
20-03-2025	159.8000	160.1000	156.6500	159.0000	143838968.0000	9026	906870
19-03-2025	156.3500	159.2500	156.3500	158.5500	208375408.0000	12606	1318411
18-03-2025	152.8000	154.8500	152.3000	154.6500	766404910.0000	13931	4994631
17-03-2025	151.3000	152.6000	150.9500	151.8000	111889477.0000	8386	737225
13-03-2025	151.5500	153.5000	150.0500	150.8500	243255270.0000	13671	1603311
12-03-2025	150.7500	152.0000	147.7000	150.3000	165426109.0000	11039	1104497
11-03-2025	148.0000	151.7500	148.0000	150.8500	177718331.0000	11642	1181607
10-03-2025	151.6000	154.2000	150.4500	150.9500	199093770.0000	11840	1308760
07-03-2025	149.9500	152.4500	149.4000	151.5500	224480785.0000	19491	1483606
06-03-2025	146.6500	152.2000	146.5000	150.3500	627343200.0000	37158	4187239
05-03-2025	138.4000	146.5000	138.4000	146.1500	246240845.0000	18106	1710944
04-03-2025	135.8500	140.8500	135.8500	139.3000	118924094.0000	8412	855423
03-03-2025	137.0500	139.0000	134.3000	138.5000	389135761.0000	23147	2845036
28-02-2025	136.6500	137.6000	134.0500	137.2000	137296490.0000	9593	1009170
27-02-2025	137.7500	138.9500	135.8500	138.6500	84362933.0000	6434	614177
25-02-2025	138.2000	139.3500	136.7500	137.0500	163603816.0000	15960	1189913
24-02-2025	138.9500	140.6500	136.7000	137.6500	205908445.0000	11407	1476632
21-02-2025	137.5000	141.5500	137.2000	140.6000	242865432.0000	13742	1733736
20-02-2025	135.5500	138.3500	135.0000	138.0000	151711408.0000	12012	1107248
19-02-2025	134.7000	136.8500	133.0500	135.8500	88691714.0000	6384	653303
18-02-2025	134.3500	134.9000	131.7000	134.5000	306507883.0000	18033	2309704
17-02-2025	132.3000	134.8000	130.8000	134.3500	101292611.0000	6482	760563
14-02-2025	136.2000	139.2000	133.3500	134.4000	150655545.0000	8657	1110874
13-02-2025	132.0500	137.7000	132.0500	136.2000	143600416.0000	8167	1056230
12-02-2025	129.1000	133.2500	128.3500	132.2500	266530270.0000	11791	2030785
11-02-2025	132.6000	134.3500	129.7000	130.1000	126004637.0000	8862	955033
10-02-2025	138.2500	138.2500	133.0000	134.0000	150998592.0000	12128	1124302
07-02-2025	133.3500	138.7500	132.6000	138.3000	433335858.0000	33378	3171397
06-02-2025	134.3000	134.6500	132.0500	132.5500	96656159.0000	10562	727932
05-02-2025	133.1000	135.4000	133.1000	134.4000	72090278.0000	6881	535771
04-02-2025	132.5500	134.3500	131.9000	133.4000	151099664.0000	13685	1134755
03-02-2025	131.7000	132.4000	127.8000	131.9000	97666081.0000	7595	751685
01-02-2025	135.7500	135.7500	130.3500	132.9500	224962278.0000	20321	1686209
31-01-2025	131.1000	135.0000	129.8500	134.6500	311813842.0000	19007	2332575
30-01-2025	130.9500	132.1500	130.1000	131.1500	303006701.0000	14691	2301113
29-01-2025	129.1500	131.3000	128.5000	130.8000	140058291.0000	11632	1073295
28-01-2025	126.2000	130.5000	124.7000	128.7000	319419889.0000	22577	2491387
27-01-2025	129.3000	129.3500	125.8000	126.4000	207086383.0000	20154	1617780
24-01-2025	130.4500	133.1500	129.3500	130.0000	232752557.0000	14691	1772241
23-01-2025	128.0000	130.8000	127.7000	130.5000	149871999.0000	10124	1153060
22-01-2025	130.4000	130.4000	127.1000	128.9500	109087038.0000	6729	849907
21-01-2025	132.2500	132.4500	129.2000	129.6500	259494839.0000	19978	1984757
20-01-2025	131.2500	132.1000	128.9000	131.6500	139014815.0000	17956	1064805
17-01-2025	127.9500	131.1000	127.6000	130.3000	251245734.0000	11602	1943098
16-01-2025	128.1500	128.4500	126.5500	127.8000	128434120.0000	15230	1007111
15-01-2025	128.4500	128.4500	125.7500	126.5500	158429337.0000	16622	1246039
14-01-2025	122.9500	127.7000	122.9500	127.0000	369842256.0000	27906	2928101
13-01-2025	126.6000	126.6000	122.6000	122.9500	268996698.0000	16336	2156267
10-01-2025	129.9000	130.4500	126.7000	127.4000	114456756.0000	9347	892971
09-01-2025	132.2000	132.5000	129.6000	129.8500	105849898.0000	14210	809900
08-01-2025	133.7000	134.2500	131.8000	132.6000	97164201.0000	7419	732083
07-01-2025	132.5500	133.9500	132.0000	133.3500	193128725.0000	19142	1451194
06-01-2025	138.3000	138.4000	131.3500	132.2000	182419838.0000	17016	1364385
03-01-2025	138.2500	139.7000	137.7500	138.3000	119342802.0000	9349	860541
02-01-2025	136.8000	138.4000	136.3500	138.1500	191536385.0000	16957	1394322
01-01-2025	138.3500	138.3500	136.6000	136.7500	158167899.0000	20331	1153543
31-12-2024	136.7000	138.7000	136.6500	138.1000	152192846.0000	14980	1106246
30-12-2024	138.7500	139.3000	136.0500	136.9000	236177497.0000	20106	1712394
27-12-2024	141.0000	141.7500	138.7000	138.9500	111579110.0000	10728	796986
26-12-2024	141.0000	141.2000	139.5000	140.3500	98145524.0000	7838	699622
24-12-2024	141.4500	141.6000	139.3000	140.3500	144358180.0000	8447	1028658
23-12-2024	142.6500	143.8000	140.6500	141.7000	198069349.0000	16579	1391144
20-12-2024	143.2500	144.5000	140.0500	140.8500	216903221.0000	20359	1521457
19-12-2024	141.4000	143.8000	141.1500	143.3000	194046172.0000	17056	1362645
18-12-2024	145.8000	146.5500	143.3000	144.5000	89125499.0000	8209	615562
17-12-2024	147.5000	148.5000	145.3500	145.6500	189532114.0000	14516	1288867
16-12-2024	148.8000	149.8000	147.0500	147.9000	197069467.0000	13626	1330991
13-12-2024	150.0500	150.7500	145.6000	148.9500	380306626.0000	23008	2578810
12-12-2024	151.0000	151.5500	148.7000	150.8500	297780439.0000	19569	1983700
11-12-2024	150.4500	152.1000	150.1000	150.6000	247124654.0000	15071	1633667
10-12-2024	150.3500	152.5000	149.3500	150.3500	161666386.0000	9491	1070598
09-12-2024	148.3000	150.6000	146.6000	149.8000	216747416.0000	12163	1457874
06-12-2024	147.6000	148.6500	146.6500	148.2500	276198851.0000	18884	1872363
05-12-2024	146.5000	147.9000	144.8000	147.1000	177101905.0000	9231	1209830
04-12-2024	147.0000	147.1000	144.0000	145.8000	203583287.0000	19940	1398405
03-12-2024	146.9000	148.2500	146.3500	146.5500	177887026.0000	10440	1210952
02-12-2024	144.5000	146.8000	143.2000	146.4000	252173000.0000	21129	1734595
29-11-2024	143.8500	145.4500	143.0500	144.5500	272094244.0000	18338	1883423
28-11-2024	144.2500	145.2500	143.1000	143.4500	120505886.0000	8669	835743
27-11-2024	144.4500	144.9000	142.9000	144.5000	118852726.0000	6547	825909
26-11-2024	144.0500	145.8000	143.6000	144.4500	107856877.0000	8138	744230
25-11-2024	144.8000	146.1500	142.8500	143.6000	279050568.0000	19699	1928708
22-11-2024	140.2500	143.2000	139.6000	142.8000	271697192.0000	19372	1918444
21-11-2024	139.7500	141.6500	137.2000	140.2500	219635565.0000	12372	1572799
19-11-2024	141.7500	142.5000	139.0500	139.4500	248298299.0000	25417	1760152
18-11-2024	139.6500	143.2000	138.3000	141.3000	445808565.0000	28609	3171225
14-11-2024	139.7000	140.8000	137.5000	138.0000	339323835.0000	34287	2441717
13-11-2024	143.7000	143.7000	138.6500	139.2500	291850918.0000	20541	2077910
12-11-2024	146.8000	147.1500	143.7500	144.1500	166982718.0000	10831	1146090
11-11-2024	147.7500	147.7500	144.0500	144.9500	260756456.0000	15906	1789884
08-11-2024	152.9500	152.9500	146.8500	147.5500	335570306.0000	17079	2244172
07-11-2024	156.4000	156.8000	150.2000	150.9000	634896827.0000	21099	4118245
06-11-2024	153.8500	154.6000	149.6500	153.6000	546034700.0000	27630	3600316
05-11-2024	146.9500	152.5000	146.9500	152.3000	478929516.0000	23280	3180786
04-11-2024	150.9500	150.9500	145.1000	146.9500	206522695.0000	13911	1405708
01-11-2024	149.8500	150.3000	149.2000	149.7000	103155050.0000	18659	688399
31-10-2024	149.0000	149.9500	148.2000	148.6500	210065292.0000	11475	1410756
30-10-2024	148.3500	151.0000	148.3500	148.9500	153987760.0000	9394	1028556
29-10-2024	150.0000	150.4000	146.5000	150.0500	298931657.0000	19926	2018207
28-10-2024	145.8500	149.7000	144.7500	149.4500	209465756.0000	11361	1416428
25-10-2024	149.1000	149.6000	144.5000	145.8000	435876929.0000	41794	2986974
24-10-2024	149.3000	149.9000	148.0000	149.0000	237102147.0000	17634	1591683
23-10-2024	150.1500	151.9500	148.0500	148.8000	292489011.0000	25322	1951819
22-10-2024	155.0000	155.0000	150.1500	150.4500	161042126.0000	10322	1058504
21-10-2024	156.2000	157.8500	154.6000	155.0000	146213909.0000	11006	940710
18-10-2024	152.4500	156.2000	151.1000	155.3000	252726139.0000	11729	1641333
17-10-2024	155.5500	156.3000	152.1000	152.3500	307703646.0000	22945	2000639
16-10-2024	155.7500	156.6000	154.0000	155.2500	303674980.0000	19684	1954025
15-10-2024	159.3000	159.6000	155.0000	155.6500	225975493.0000	13950	1445654
14-10-2024	162.6000	163.3500	158.0500	158.3000	357233823.0000	22844	2236659
11-10-2024	159.5500	163.7500	159.2500	160.7000	240488215.0000	15201	1487548
10-10-2024	157.3500	161.2000	156.5000	159.6500	405293874.0000	17829	2539479
09-10-2024	159.7500	162.2000	158.1500	159.0000	313463275.0000	19888	1953434
08-10-2024	162.7500	163.1000	156.7000	159.5500	424009893.0000	18478	2664453
07-10-2024	166.8000	167.9500	162.3000	164.3000	668658102.0000	46828	4055707
04-10-2024	166.7500	169.1000	164.0000	166.7500	456709814.0000	24819	2734689
03-10-2024	165.0500	169.9500	164.7500	166.9500	524866424.0000	26947	3127682
01-10-2024	169.5000	169.6500	165.1000	167.0000	303798366.0000	34349	1818340
30-09-2024	167.6000	170.2000	167.3500	168.4500	520277027.0000	32913	3078147
27-09-2024	167.0000	169.1000	165.8500	166.5000	504772499.0000	23683	3018130
26-09-2024	162.0000	165.9000	160.5000	165.6000	537806110.0000	29112	3278171
25-09-2024	161.2000	162.7000	159.5000	161.6000	737861102.0000	43240	4578698
24-09-2024	154.5500	161.5000	154.5500	160.5500	802598597.0000	39328	5044874
23-09-2024	153.5500	154.3000	152.8000	153.9500	383030882.0000	30355	2494810
20-09-2024	151.1500	153.2500	150.8000	152.0500	665056384.0000	44044	4371897
19-09-2024	151.6000	152.2500	147.7500	149.6000	167540959.0000	14490	1118160
18-09-2024	152.6500	153.0000	149.6000	150.6000	118377761.0000	11347	783674
17-09-2024	154.1000	154.2000	152.3000	152.8000	99240822.0000	11509	648191
16-09-2024	155.5500	155.5500	153.5000	154.2000	252252289.0000	18315	1632353
13-09-2024	152.7500	155.4000	152.5000	153.4000	709152822.0000	35856	4606642
12-09-2024	151.9500	152.4000	148.7500	151.7500	300498258.0000	19657	1990979
11-09-2024	150.0000	150.2000	147.6500	148.1500	255165999.0000	27803	1711825
10-09-2024	150.0000	151.6000	148.8500	149.4500	213730746.0000	15562	1427248
09-09-2024	150.2500	150.8500	148.0000	149.4000	357359083.0000	39818	2393255
06-09-2024	152.4500	152.9500	149.6500	151.2500	427251862.0000	37502	2827533
05-09-2024	151.2000	152.8000	151.2000	151.7500	396923058.0000	28042	2614243
04-09-2024	149.7500	152.1500	149.2500	151.3000	267844421.0000	19878	1777113
03-09-2024	152.8500	153.4500	152.0000	152.1000	108045612.0000	11199	708678
02-09-2024	154.0000	154.0000	152.1500	152.8500	271472679.0000	23335	1775109
30-08-2024	153.0500	155.2000	152.4500	152.8000	355199607.0000	30584	2305059
29-08-2024	153.6500	153.6500	151.2000	153.0000	334644133.0000	26521	2192825
28-08-2024	154.9000	155.0000	153.0500	153.7000	237767698.0000	21978	1544838
27-08-2024	155.9500	156.5000	154.5000	154.7000	157234573.0000	10692	1012455
26-08-2024	154.8000	156.4000	153.6500	155.6500	1351330742.0000	14439	8758211
23-08-2024	154.0000	154.5500	152.6000	154.1500	327600189.0000	19483	2128487
22-08-2024	152.3000	154.3500	152.2500	154.1000	218618922.0000	14630	1424506
21-08-2024	153.2000	154.1500	151.6500	151.9000	344728947.0000	29994	2260331
20-08-2024	155.9000	155.9000	152.7500	154.0000	475924225.0000	33592	3096463
19-08-2024	151.0000	154.2500	150.3500	153.9500	658592147.0000	41632	4325180
16-08-2024	148.3000	150.0000	146.5000	149.5500	560521351.0000	46118	3787246
14-08-2024	150.0500	150.0500	142.3500	146.2000	1012127198.0000	77886	6971802
13-08-2024	152.6000	152.9500	148.4500	148.9000	188046508.0000	19617	1248455
12-08-2024	151.0500	153.4000	149.8500	152.0500	194481206.0000	17417	1279459
09-08-2024	153.0000	153.0000	151.2500	151.8000	316956723.0000	34973	2084284
08-08-2024	153.9500	153.9500	150.0000	150.5000	502871688.0000	26566	3320904
07-08-2024	153.9500	154.2500	151.9500	153.8500	491593142.0000	24836	3213538
06-08-2024	151.3500	153.9000	149.6000	150.2500	330814716.0000	31296	2180374
05-08-2024	155.0000	155.0000	149.0000	149.8000	715293646.0000	60502	4720926
02-08-2024	162.0000	162.0000	154.6000	158.2000	615594787.0000	42610	3888501
01-08-2024	168.0000	168.9000	160.9000	163.0500	1193541008.0000	57388	7237330
31-07-2024	166.6000	166.6000	163.5000	165.3500	289425769.0000	16134	1756430
30-07-2024	163.4000	165.3500	161.3000	164.0500	449867657.0000	21741	2756963
29-07-2024	164.8000	164.8000	162.3500	162.8500	529284200.0000	36274	3237608
26-07-2024	158.4500	162.9000	158.2000	162.6000	664573323.0000	42477	4109598
25-07-2024	158.9500	158.9500	156.9500	157.4500	221713435.0000	19633	1407059
24-07-2024	160.0000	162.0500	159.1500	160.3000	361768713.0000	27757	2249635
23-07-2024	161.7000	162.0000	155.0000	160.0500	583277305.0000	51229	3666875
22-07-2024	159.6000	160.7000	156.5000	160.3500	371392184.0000	28496	2329122
19-07-2024	166.3000	166.3000	157.3000	157.7500	583077733.0000	43681	3649993
18-07-2024	167.9000	167.9000	164.4500	166.3500	281684092.0000	19159	1702015
16-07-2024	168.0000	169.8000	166.8000	167.0500	522573121.0000	29811	3105057
15-07-2024	168.7000	168.7500	165.8000	166.8000	497120993.0000	37509	2975454
12-07-2024	170.4000	170.4000	168.0500	168.7000	467930686.0000	38037	2767382
11-07-2024	170.0000	170.9000	168.6500	169.0000	426224254.0000	30867	2512614
10-07-2024	172.5000	172.9500	167.0500	168.0000	554643456.0000	50104	3280315
09-07-2024	173.9500	173.9500	171.5000	171.8000	295801112.0000	26050	1715352
08-07-2024	174.7500	175.4500	172.1000	172.3000	706439143.0000	39703	4074473
05-07-2024	176.4500	176.4500	173.4000	174.7500	438229333.0000	23525	2507769
04-07-2024	176.9000	178.1500	175.8500	176.2500	197166705.0000	13719	1114391
03-07-2024	174.5500	176.7500	174.5000	176.3500	274988650.0000	15489	1567263
02-07-2024	175.1500	175.7000	173.5500	174.5000	374563892.0000	27536	2145796
01-07-2024	174.7500	176.0000	173.5500	174.1000	327978553.0000	17769	1874606
28-06-2024	174.5500	177.1000	173.5500	174.0000	318343321.0000	24639	1816487
27-06-2024	173.4500	174.9500	171.7500	174.1500	279804027.0000	18124	1613316
26-06-2024	175.5000	175.7000	171.8000	172.5500	511941381.0000	40119	2960795
25-06-2024	177.8500	179.0000	175.2000	175.7000	153178880.0000	11745	865945
24-06-2024	177.7000	178.9500	175.1000	177.9000	298332833.0000	17621	1683765
21-06-2024	180.0000	180.9500	178.2000	179.8500	656545676.0000	42134	3654088
20-06-2024	181.9000	182.9000	179.5000	182.3500	458477417.0000	25980	2520812
19-06-2024	182.6000	182.6000	179.3000	180.0500	344280428.0000	28492	1905634
18-06-2024	184.0000	184.6000	180.6000	181.1500	254090410.0000	21387	1392344
14-06-2024	183.0000	183.5000	181.4500	183.0500	246587449.0000	13429	1350213
13-06-2024	183.7000	184.1500	180.5000	182.5000	473662462.0000	29417	2597871
12-06-2024	182.4000	183.8500	181.5500	182.2500	581440293.0000	29463	3178308
11-06-2024	180.8000	183.8000	180.5500	181.3500	349799620.0000	21351	1921272
10-06-2024	180.7500	182.1000	177.3000	180.2000	916003769.0000	48464	5080280
07-06-2024	172.0000	179.6500	170.7500	178.9500	730680116.0000	38642	4121231
06-06-2024	170.9500	174.7000	169.4500	172.0000	716672414.0000	41272	4156381
05-06-2024	162.4000	169.6000	159.0000	169.2000	500597745.0000	36965	3056336
04-06-2024	175.9500	175.9500	148.1500	158.8000	1107148543.0000	76870	6885190
03-06-2024	173.6000	175.0000	168.8500	174.2500	530804360.0000	36603	3081614
31-05-2024	166.0000	167.9000	164.0000	167.1500	703851490.0000	47340	4239440
30-05-2024	172.9000	172.9000	163.4000	164.2000	826849544.0000	37862	4953171
29-05-2024	174.8500	176.0000	173.4500	174.2000	249171130.0000	15403	1427273
28-05-2024	176.9500	177.5000	173.5500	174.8500	439178067.0000	23543	2499794
27-05-2024	178.0000	178.0000	174.9000	175.5000	263139055.0000	15038	1494030
24-05-2024	175.7500	177.5500	174.1000	174.8000	337186006.0000	18149	1914133
23-05-2024	173.2500	175.7000	170.5000	175.4500	455138494.0000	29307	2623066
22-05-2024	175.5500	175.5500	171.5000	173.3000	253031259.0000	15513	1460611
21-05-2024	168.0500	175.2000	168.0500	174.3000	1081026426.0000	48270	6273389
18-05-2024	167.9500	168.4000	167.3500	167.9000	23602258.0000	2261	140506
17-05-2024	166.4500	168.4500	165.5000	167.2500	543453974.0000	26233	3248650
16-05-2024	167.3000	168.0000	162.2500	165.9000	444391707.0000	26338	2688803
15-05-2024	165.2500	167.5000	165.0000	165.6000	389157670.0000	23636	2342469
14-05-2024	163.9000	166.4500	163.6000	164.9500	377339735.0000	20287	2285513
13-05-2024	162.5500	164.5000	158.1500	163.8500	533061302.0000	33666	3298563
10-05-2024	163.0000	164.3500	161.9000	162.3500	396459197.0000	29054	2432651
09-05-2024	166.1500	166.7500	161.5500	162.0000	321140621.0000	26078	1957105
08-05-2024	164.4000	167.1000	163.4000	166.0500	254790654.0000	15042	1535314
07-05-2024	168.1500	168.1500	162.4500	164.2000	408653451.0000	28205	2481239
06-05-2024	168.2000	168.6000	164.7000	167.6000	374154242.0000	16513	2238221
03-05-2024	169.0000	170.7000	165.1000	166.4500	751093588.0000	39992	4463601
02-05-2024	165.2000	168.8500	165.1000	167.3500	451345632.0000	17804	2691002
30-04-2024	168.6000	168.6000	164.5500	164.9500	446788020.0000	29747	2692417
29-04-2024	168.2500	169.6000	166.9500	167.4000	568140627.0000	29684	3381906
26-04-2024	168.0000	170.7000	165.3000	165.8500	509591152.0000	26954	3037488
25-04-2024	165.5000	168.0000	164.1500	167.6000	322389265.0000	15877	1942957
24-04-2024	162.8000	166.9000	161.6500	165.5000	511193444.0000	21885	3101010
23-04-2024	163.8500	163.8500	160.9000	161.1000	311724397.0000	22160	1923979
22-04-2024	164.1500	164.7000	161.5500	161.8500	479643060.0000	27194	2947220
19-04-2024	160.1500	162.5000	157.3500	162.1000	526959712.0000	26452	3280439
18-04-2024	161.0000	164.0000	159.2000	160.0000	639604600.0000	33210	3948648
16-04-2024	160.9000	162.4000	158.9500	160.0500	441505981.0000	28987	2748399
15-04-2024	160.2500	164.7000	158.6500	160.9000	822025565.0000	48176	5102260
12-04-2024	166.9500	166.9500	163.0000	163.5000	647363473.0000	39765	3938276
10-04-2024	167.5500	169.2000	164.4500	165.1500	408379228.0000	23754	2448142
09-04-2024	166.1500	169.7500	165.2500	165.9500	488986004.0000	22795	2916598
08-04-2024	166.6500	166.8500	164.2000	165.1500	477055723.0000	29727	2884242
05-04-2024	163.6500	164.1000	160.8500	163.3500	482321796.0000	30497	2968236
04-04-2024	165.7500	165.9500	161.0000	163.4000	572255473.0000	28142	3505058
03-04-2024	164.9500	166.3000	163.0000	163.6000	562803647.0000	39750	3415706
02-04-2024	163.4000	165.5000	161.8500	164.6500	474741267.0000	26285	2897630
01-04-2024	156.8500	163.9000	156.5500	163.1000	1081236993.0000	55231	6699918
28-03-2024	152.9000	156.6000	152.7000	155.9000	735417327.0000	34632	4739965
27-03-2024	152.6500	154.0500	152.0500	152.8500	263424598.0000	15711	1719445
26-03-2024	151.4000	153.4000	150.6000	152.3000	571769168.0000	32634	3757132
22-03-2024	149.2000	152.7500	148.5500	151.9500	708727624.0000	25068	4672236
21-03-2024	148.0500	151.1500	147.9000	150.0500	825101716.0000	47029	5496706
20-03-2024	149.7000	150.7000	143.8500	145.7000	585097391.0000	26115	4001336
19-03-2024	149.5500	152.5500	147.5500	148.6500	763238865.0000	39963	5109060
18-03-2024	143.8500	150.2500	142.2000	149.6000	745027896.0000	37035	5054171
15-03-2024	143.3000	143.6500	139.8500	141.5500	896730605.0000	54215	6336687
14-03-2024	143.8000	143.8000	138.4000	142.5000	511364532.0000	31824	3612814
13-03-2024	152.5000	153.0000	142.5000	143.5000	386949404.0000	29625	2641478
12-03-2024	154.5000	154.5000	150.9000	152.4500	426271159.0000	31999	2796656
11-03-2024	159.5000	159.5000	153.0500	153.5000	540660244.0000	50784	3500378
07-03-2024	152.5000	159.1500	152.3500	157.2500	912478896.0000	42272	5833064
06-03-2024	151.9500	152.6500	147.9000	151.3500	530273296.0000	44815	3541822
05-03-2024	153.8500	154.0000	150.8000	151.8500	406138569.0000	37201	2665016
04-03-2024	155.2500	155.2500	151.0500	153.1000	549937314.0000	36473	3592454
02-03-2024	152.0000	156.1000	151.0000	155.1500	331904211.0000	24615	2155073
01-03-2024	142.0500	150.6500	142.0500	150.0000	1491791884.0000	74748	10093916
29-02-2024	140.9000	141.7500	139.3500	140.9000	330511797.0000	27987	2346366
28-02-2024	143.7500	144.9500	140.1000	140.7500	144135034.0000	16148	1012367
27-02-2024	143.8000	145.8500	142.0000	144.1500	205179365.0000	15818	1429056
26-02-2024	146.0000	146.0000	142.2500	142.6000	256040009.0000	24994	1781222
23-02-2024	146.9000	147.1000	144.9500	145.5000	284489973.0000	18821	1945861
22-02-2024	145.1500	146.1500	143.5000	145.8500	261188787.0000	25940	1801370
21-02-2024	141.7000	146.0000	141.5000	143.8500	742328941.0000	48857	5130893
20-02-2024	141.9000	142.0000	140.0500	141.0500	131106059.0000	13014	930047
19-02-2024	143.0500	143.2000	141.3000	141.9000	238213704.0000	25251	1674317
16-02-2024	141.9500	143.4500	141.4500	142.3500	347217485.0000	25010	2434173
15-02-2024	141.9500	143.4500	140.9500	141.2000	155337322.0000	14917	1092584
14-02-2024	136.8000	141.5000	135.7500	141.1500	325430561.0000	37960	2343936
13-02-2024	137.6000	138.2500	134.1000	137.9000	309377628.0000	30456	2263780
12-02-2024	142.2500	142.9500	136.7000	137.4000	383311145.0000	41155	2749580
09-02-2024	144.4500	144.4500	139.1000	141.3000	503503232.0000	40470	3563546
08-02-2024	146.1000	146.1000	143.0500	143.7000	230354932.0000	17783	1596455
07-02-2024	147.0000	147.3500	144.0000	144.3500	643551896.0000	46768	4419509
06-02-2024	143.1000	145.1000	140.4000	144.7000	307682770.0000	24592	2156149
05-02-2024	140.0000	143.3000	139.4000	141.5000	1132607177.0000	66840	8008147
02-02-2024	135.0500	139.6000	134.9000	138.7000	630078790.0000	43836	4583616
01-02-2024	136.8000	136.8000	134.5000	134.8000	354244048.0000	37795	2605315
31-01-2024	135.0000	136.7000	134.4500	135.9000	399858104.0000	36183	2943293
30-01-2024	135.5000	137.7000	134.5000	134.7000	526407125.0000	37251	3864933
29-01-2024	135.7000	135.7000	133.5000	135.0000	356606178.0000	19840	2646940
25-01-2024	136.3000	136.3000	132.0000	133.6500	637526221.0000	47842	4747737
24-01-2024	131.9500	135.4500	130.2000	135.1500	547522296.0000	40146	4106914
23-01-2024	135.1000	135.2000	129.5000	130.1000	267284590.0000	20912	2015412
20-01-2024	134.9500	135.2000	133.3000	133.9000	108587699.0000	12284	808725
19-01-2024	132.6000	134.7000	131.7000	134.2000	587848015.0000	41785	4397203
18-01-2024	131.8500	132.2500	128.1000	131.0500	439893990.0000	44368	3377121
17-01-2024	136.3500	136.3500	131.5000	131.6500	649326817.0000	67379	4867771
16-01-2024	134.6500	138.5000	134.0500	137.2500	895493083.0000	38549	6566338
15-01-2024	136.2500	136.2500	134.0000	134.9500	439841508.0000	35566	3257429
12-01-2024	135.9500	136.2000	134.6500	135.3000	626760561.0000	46061	4618358
11-01-2024	135.0000	135.7500	134.1500	134.9000	440996415.0000	24005	3264036
10-01-2024	134.0000	134.7500	132.1000	134.1000	557233215.0000	43513	4170486
09-01-2024	133.5000	134.7000	132.5000	133.6500	447095786.0000	31130	3338783
08-01-2024	135.4500	135.9000	131.8000	132.0500	482818675.0000	38064	3616375
05-01-2024	135.1500	135.9500	132.9000	133.6500	533444742.0000	46769	3968146
04-01-2024	136.9500	136.9500	134.0000	134.2500	260544913.0000	20786	1937216
03-01-2024	139.6500	139.6500	134.3500	135.3000	269626940.0000	26862	1977166
02-01-2024	140.5000	140.5000	137.0500	139.5500	360216759.0000	27926	2589594
01-01-2024	142.1500	142.1500	139.0000	139.9000	224168481.0000	24562	1599477
29-12-2023	138.8500	141.2000	137.1500	139.5000	703585739.0000	50870	5050750
28-12-2023	138.7500	138.8000	136.9000	138.1500	303547941.0000	19288	2201616
27-12-2023	136.1500	138.8000	135.5500	137.1500	575958750.0000	36098	4193192
26-12-2023	134.9500	136.1000	134.5000	135.2000	258002961.0000	18075	1905194
22-12-2023	132.5000	134.7000	131.6500	133.5000	462479078.0000	27681	3466128
21-12-2023	128.9000	131.4000	127.8000	131.0000	411335104.0000	19858	3163705
20-12-2023	135.9000	136.0000	128.7000	129.7000	554528208.0000	44952	4182540
19-12-2023	137.2500	137.5500	134.8000	135.4000	388072383.0000	23748	2857310
18-12-2023	137.2000	137.6500	135.1000	136.6000	298683699.0000	20308	2184824
15-12-2023	133.0500	136.7000	133.0500	136.4000	944143439.0000	62325	6986877
14-12-2023	131.6500	133.2500	131.4000	132.0000	256528029.0000	14819	1937570
13-12-2023	130.7000	131.5500	129.1500	131.3500	326629281.0000	38848	2500924
12-12-2023	130.1000	132.1000	129.7000	130.1500	374300271.0000	24300	2856346
11-12-2023	129.7000	130.5000	128.7000	130.0500	432264075.0000	27098	3329500
08-12-2023	130.3500	131.4000	127.9000	129.2000	447091996.0000	40954	3449091
07-12-2023	131.9500	132.2000	129.7500	130.0000	201253552.0000	12510	1540920
06-12-2023	132.2500	133.3500	130.8000	131.8000	539710259.0000	31366	4085995
05-12-2023	131.1500	132.5000	130.0000	131.6000	178401130.0000	11678	1358781
04-12-2023	132.4500	132.4500	130.4000	130.9500	219286570.0000	16744	1672484
01-12-2023	128.6000	130.3500	127.9500	129.9500	517872462.0000	50065	4003538
30-11-2023	127.9500	128.8000	126.5000	127.9500	128542517.0000	10395	1005356
29-11-2023	127.0500	128.1500	126.7500	127.7000	206078908.0000	19990	1615708
28-11-2023	126.7500	127.0000	126.0000	126.8500	100881577.0000	9820	798107
24-11-2023	126.6000	127.0500	125.5500	125.9000	176106387.0000	15276	1396606
23-11-2023	126.2000	127.4000	125.9000	126.7000	442531423.0000	39779	3489392
22-11-2023	126.5000	126.9000	125.4000	126.1000	176968551.0000	13678	1402959
21-11-2023	124.9500	126.3500	124.9500	126.2500	329962387.0000	20534	2619204
20-11-2023	125.1500	125.6500	124.0500	124.4500	220211786.0000	24000	1762582
17-11-2023	124.7000	126.0000	124.3000	125.1500	331667970.0000	21657	2648173
16-11-2023	124.0000	125.2500	123.0000	124.7000	147507839.0000	10342	1185311
15-11-2023	121.5500	124.3500	121.5500	124.0000	210336145.0000	17707	1705165
13-11-2023	121.0000	121.2500	119.9500	120.9500	164232588.0000	22777	1359236
12-11-2023	121.9000	121.9000	120.6000	120.8500	73199666.0000	16003	605381
10-11-2023	119.6500	120.4500	118.8000	120.1000	324272542.0000	33009	2705132
09-11-2023	119.4000	120.5000	118.8500	119.7000	169951454.0000	13080	1420493
08-11-2023	119.9500	120.4500	118.5500	119.0500	171711679.0000	18441	1440860
07-11-2023	119.4000	120.2000	118.4000	119.7500	264213090.0000	17893	2208138
06-11-2023	118.9000	119.6500	117.5000	119.4000	247534388.0000	21588	2088729
03-11-2023	118.3000	118.6000	117.0500	117.3000	468032801.0000	30898	3973112
02-11-2023	114.2500	118.6000	114.2500	118.1500	323042590.0000	21061	2771553
01-11-2023	119.0000	119.1000	116.0000	116.6000	225545191.0000	29536	1913164
31-10-2023	119.7500	120.1500	118.4000	118.7500	164260761.0000	19452	1379525
30-10-2023	121.0500	121.2500	118.9500	119.1500	155052894.0000	18007	1298388
27-10-2023	120.3000	121.6500	119.5000	119.9000	245556946.0000	25368	2041378
26-10-2023	121.2000	121.2000	118.8500	119.9000	328607504.0000	29883	2743566
25-10-2023	120.5000	122.8000	120.5000	121.3500	256645817.0000	24881	2107116
23-10-2023	123.6500	123.6500	119.7000	120.0000	309509449.0000	33480	2554449
20-10-2023	125.1000	125.7500	122.8000	123.1000	209619310.0000	16079	1689714
19-10-2023	125.7500	126.4500	124.3500	125.9000	213453808.0000	17742	1703399
18-10-2023	128.2500	128.7500	126.6500	127.1000	141248377.0000	13631	1108103
17-10-2023	127.8000	128.5500	127.0500	127.3500	302761559.0000	18318	2368902
16-10-2023	125.1000	127.2500	125.0000	127.0000	194720169.0000	10024	1537794
13-10-2023	125.2500	125.7500	124.2000	125.0000	162952731.0000	14711	1304161
12-10-2023	125.8500	126.9000	125.1500	125.8500	203255766.0000	14024	1611668
11-10-2023	126.0000	126.3500	124.7500	124.9500	174086029.0000	12814	1386104
10-10-2023	124.3500	125.9000	123.7500	125.2500	201064184.0000	10435	1611342
09-10-2023	124.6500	124.8500	122.5000	123.8000	274607278.0000	27232	2218706
06-10-2023	126.1500	127.0000	125.1000	125.9000	215467634.0000	19524	1711667
05-10-2023	126.4500	126.4500	124.5000	125.2500	200970449.0000	20265	1603713
04-10-2023	127.7000	127.7000	124.5500	125.3000	217494330.0000	18426	1730924
03-10-2023	129.0000	129.0000	127.2500	128.0000	241874601.0000	22000	1892443
29-09-2023	128.0500	129.6000	127.6000	129.0000	250749557.0000	13891	1949677
28-09-2023	128.4500	129.3500	126.3000	126.7500	235198216.0000	21343	1838412
27-09-2023	128.9500	128.9500	126.7000	128.1500	190001186.0000	18149	1487212
26-09-2023	129.7000	130.5500	128.5000	128.8500	310782365.0000	21056	2398246
25-09-2023	127.0500	128.3000	126.1500	127.3500	157286062.0000	11419	1235666
22-09-2023	127.2500	128.6500	125.5000	126.7000	280952221.0000	21999	2211376
21-09-2023	128.3000	129.2500	127.2500	127.8000	285096754.0000	22948	2224454
20-09-2023	130.4500	131.8000	128.0000	128.3000	454880337.0000	29452	3507631
18-09-2023	134.7500	134.8500	130.1000	130.4500	546435795.0000	35627	4144936
15-09-2023	132.8000	133.3000	129.9000	132.0500	269353964.0000	13761	2050808
14-09-2023	131.0000	134.2500	130.6500	131.6500	341095146.0000	17432	2577690
13-09-2023	129.8000	130.4500	127.7500	129.5000	168172824.0000	12398	1301476
12-09-2023	132.6500	133.2000	128.6500	128.8500	235365472.0000	13517	1808401
11-09-2023	129.5000	131.8500	129.2000	131.0500	400532884.0000	24809	3065197
08-09-2023	131.1500	131.6000	129.2000	129.5500	301857883.0000	21492	2316933
07-09-2023	129.8500	130.8000	128.6000	130.1500	146685874.0000	11552	1129177
06-09-2023	132.4000	132.4500	128.2000	129.5000	312223441.0000	27284	2408629
05-09-2023	131.7000	132.4000	128.9000	131.7000	251361988.0000	15191	1923641
04-09-2023	128.8500	132.8500	128.8500	131.7000	917316277.0000	48483	6965920
01-09-2023	123.3500	128.6000	123.3000	127.1000	967364775.0000	64193	7615230
31-08-2023	122.7000	123.3500	122.1500	123.0000	235255543.0000	13487	1915859
30-08-2023	120.1500	122.7000	120.1500	122.0500	547347126.0000	39128	4486500
29-08-2023	118.5000	120.1500	117.7000	119.5500	352752641.0000	17606	2963694
28-08-2023	116.9500	118.2500	116.9500	117.6000	152190049.0000	13659	1293297
25-08-2023	118.0000	118.1000	116.6500	116.9000	152232441.0000	9848	1296139
24-08-2023	119.4000	120.0500	118.1000	118.2500	131907900.0000	6930	1109452
23-08-2023	117.6500	119.2500	117.6500	118.9000	245807579.0000	17160	2068069
22-08-2023	117.0500	117.7500	116.5000	117.5500	97155969.0000	6845	829256
21-08-2023	116.6500	117.1000	115.8500	116.8500	92378042.0000	8720	792475
18-08-2023	116.1500	116.4500	114.8000	115.7500	177611218.0000	18431	1538087
17-08-2023	115.9000	116.8500	114.7000	116.0500	160745985.0000	10344	1388246
16-08-2023	117.9000	118.0000	115.4500	115.9000	257228565.0000	25868	2211828
14-08-2023	120.1000	120.3000	117.3500	118.1500	233631755.0000	19359	1975241
11-08-2023	120.1000	121.5000	119.1500	120.3000	266402956.0000	20366	2211500
10-08-2023	120.1500	120.6000	119.2500	120.0000	121032480.0000	9489	1009300
09-08-2023	118.1000	120.5000	116.9000	120.1500	152546905.0000	9488	1289488
08-08-2023	118.8500	119.5000	117.8500	118.1000	107863453.0000	7661	910235
07-08-2023	119.3000	119.5000	118.0000	118.8000	213702988.0000	17576	1800625
04-08-2023	119.2000	119.8000	118.0000	119.0000	190003859.0000	13687	1598511
03-08-2023	118.2500	119.6500	117.4000	118.3000	190399541.0000	13685	1609070
02-08-2023	123.0000	123.0000	118.3000	118.9500	250494641.0000	14587	2088495
01-08-2023	123.2000	124.1000	122.5500	123.2000	291693197.0000	18880	2364325
31-07-2023	120.4000	123.9000	120.4000	123.1500	266682315.0000	15064	2171435
28-07-2023	120.1000	121.1000	118.7500	120.5500	128496035.0000	7887	1071367
27-07-2023	120.1000	121.4500	119.1500	119.8000	313571222.0000	20972	2604373
26-07-2023	119.3500	120.6000	118.8000	119.9500	189228703.0000	12164	1580099
25-07-2023	114.7500	119.9000	114.3500	119.2000	446863320.0000	18069	3786894
24-07-2023	116.1000	116.3500	114.4000	115.4500	325510709.0000	23694	2821065
21-07-2023	116.8500	117.9500	115.4500	116.6500	160999967.0000	9386	1380535
20-07-2023	116.6000	117.2500	116.3500	116.9000	83387813.0000	6029	713710
19-07-2023	116.8000	117.1500	115.0000	116.4500	126731615.0000	8210	1086485
18-07-2023	117.8000	118.2000	116.3500	116.5000	157496453.0000	8507	1344828
17-07-2023	117.7500	119.3000	117.1000	117.7000	239799317.0000	15641	2026925
14-07-2023	115.8000	117.7500	114.8000	117.0500	232168597.0000	13678	2001927
13-07-2023	115.8000	116.9500	114.5500	114.8500	380399481.0000	13855	3282379
12-07-2023	115.1000	116.2500	114.0000	114.6000	247136465.0000	20262	2152272
11-07-2023	115.5000	116.1000	114.8000	115.1500	466927290.0000	25127	4043227
10-07-2023	112.0000	115.7000	111.6000	115.3500	876997550.0000	37289	7669368
07-07-2023	112.4000	113.3000	111.3000	111.6000	241983643.0000	19533	2156772
06-07-2023	112.3500	112.8500	111.4500	112.6500	164077045.0000	7969	1462894
05-07-2023	112.4000	113.6000	112.3500	112.9000	296540603.0000	16761	2624312
04-07-2023	112.8000	113.4000	112.1000	112.4000	205350094.0000	11284	1820977
03-07-2023	112.0500	114.2500	112.0500	113.0500	371013468.0000	23701	3273509
30-06-2023	111.5000	112.2000	110.5000	112.0000	124710606.0000	10742	1117221
28-06-2023	111.1500	112.1000	110.9000	111.5500	123433334.0000	8135	1107194
27-06-2023	110.8000	111.5000	110.2000	110.7000	143078138.0000	8822	1290683
26-06-2023	109.5500	110.2500	108.1500	109.8500	182116487.0000	13669	1669468
23-06-2023	110.6500	110.7000	109.2000	109.6000	197064764.0000	8342	1791270
22-06-2023	111.3000	112.1500	110.6000	111.1000	283000125.0000	13536	2540093
21-06-2023	114.7000	114.8500	112.8500	113.9000	363488920.0000	19248	3197604
20-06-2023	114.0500	115.2500	113.5000	114.3000	197652523.0000	7949	1727582
19-06-2023	115.2500	115.5000	113.0500	114.0000	249315328.0000	12026	2185075
16-06-2023	114.2500	114.8500	113.8500	114.2500	225407882.0000	9677	1974464
15-06-2023	113.8000	114.2000	113.2500	113.7000	200194183.0000	9378	1759871
14-06-2023	111.1000	114.0000	111.1000	113.7500	358585455.0000	14219	3168206
13-06-2023	110.0000	111.8500	109.7000	111.1000	196356428.0000	7242	1772727
12-06-2023	108.9000	110.6000	108.9000	109.5000	133895879.0000	8284	1219844
09-06-2023	111.1500	111.6000	108.7000	108.9000	189670913.0000	11355	1732236
08-06-2023	111.5000	113.0000	110.9500	111.1000	460459603.0000	23149	4115281
07-06-2023	109.3000	111.7500	108.9500	111.5000	258818840.0000	13322	2351841
06-06-2023	109.6500	109.8500	108.3000	109.0000	112950748.0000	8202	1036468
05-06-2023	108.5000	109.9000	107.8000	109.3500	249015809.0000	10127	2291788
02-06-2023	106.3000	108.2500	106.3000	108.0000	219372500.0000	7947	2043639
01-06-2023	105.8500	106.6500	105.8000	105.9500	240365175.0000	14975	2263042
31-05-2023	106.2000	106.9500	105.6500	105.8500	202569617.0000	20009	1905545
30-05-2023	108.8000	108.9500	106.9000	107.1500	319862668.0000	12982	2965395
29-05-2023	106.8000	108.8500	106.3000	108.4000	330991119.0000	10789	3063817
26-05-2023	104.9000	106.7000	104.9000	106.4000	471287988.0000	19085	4455105
25-05-2023	105.0000	105.2500	104.3000	104.9000	490132804.0000	24911	4686073
24-05-2023	105.0500	105.7000	104.8500	105.3000	266192145.0000	18021	2527063
23-05-2023	104.9500	106.0500	104.9500	105.7000	332409943.0000	11717	3142917
22-05-2023	104.7000	105.2500	104.4000	104.9500	135468442.0000	8099	1291714
19-05-2023	105.2500	105.7000	104.1000	104.6500	166064098.0000	8981	1588251
18-05-2023	106.1500	107.1500	105.1000	105.2000	125545277.0000	7942	1183969
17-05-2023	107.3500	107.4500	105.6500	106.0000	132597333.0000	8603	1247101
16-05-2023	108.2000	108.6500	107.2000	107.3500	97239856.0000	6088	903375
15-05-2023	107.0000	108.1500	105.6500	107.7000	111570268.0000	7730	1040115
12-05-2023	108.2500	108.4000	106.5500	106.7500	162360304.0000	9848	1516518
11-05-2023	109.2000	109.5000	108.3000	108.5500	162132304.0000	6966	1490070
10-05-2023	109.6000	110.0500	108.6000	109.2000	80914848.0000	5232	742028
09-05-2023	109.5500	111.2000	109.1500	109.5500	181422410.0000	9104	1646859
08-05-2023	109.1000	109.8000	108.3500	109.5500	119750510.0000	6719	1095557
05-05-2023	110.9500	110.9500	108.4000	108.6500	169778601.0000	7721	1553831
04-05-2023	109.8500	111.8500	109.5500	111.0500	406872084.0000	22437	3662341
03-05-2023	110.5000	111.0500	108.7500	109.8000	234631380.0000	11124	2137095
02-05-2023	107.9000	110.8500	107.9000	110.3000	232852413.0000	13465	2119800
28-04-2023	107.8000	108.5500	107.3000	107.9000	139466603.0000	6333	1293303
27-04-2023	106.9000	107.8000	106.3000	107.6000	109831930.0000	5497	1024729
26-04-2023	106.3000	107.0500	105.9000	106.8000	117699354.0000	5483	1104936
25-04-2023	106.5000	107.6000	106.2500	107.0500	125606898.0000	6592	1172156
24-04-2023	106.2500	106.7000	105.3500	106.5000	136152433.0000	7288	1282229
21-04-2023	107.8000	108.2000	105.3500	106.1500	148479707.0000	8981	1399471
20-04-2023	108.1500	108.7000	107.3500	108.0000	160978239.0000	11353	1490033
19-04-2023	107.7000	110.4000	107.7000	108.1500	279104089.0000	10321	2556534
18-04-2023	107.2000	107.9000	106.8500	107.6000	165160978.0000	11381	1539166
17-04-2023	107.3000	108.3500	106.7500	107.2000	646527415.0000	8258	6029923
13-04-2023	107.5500	108.2000	105.9000	107.4500	119969353.0000	6234	1122282
12-04-2023	107.8500	108.4000	106.9000	107.6000	123493634.0000	7427	1145000
11-04-2023	105.2000	107.8500	105.1000	107.5000	151822202.0000	7414	1430932
10-04-2023	104.3000	105.7500	104.3000	104.9500	213614979.0000	15966	2033100
06-04-2023	104.7500	105.1000	104.2000	104.4000	117161137.0000	6412	1120442
05-04-2023	104.0500	105.0000	103.2500	104.8500	134698208.0000	8520	1293344
03-04-2023	104.6000	105.3000	103.8000	104.0500	114330408.0000	7568	1095552
31-03-2023	104.1000	105.4500	104.0500	104.5000	233469574.0000	18328	2224878
29-03-2023	102.4500	104.1000	101.6500	103.6000	196310525.0000	9593	1916462
28-03-2023	102.7500	103.1500	102.3500	102.5000	146695570.0000	8203	1428675
27-03-2023	102.5500	103.4000	102.1000	102.3000	220675737.0000	23263	2149318
24-03-2023	104.8500	105.2000	101.7000	102.1500	209653529.0000	15028	2033239
23-03-2023	104.5000	105.5000	104.3000	104.8500	158662770.0000	7795	1510121
22-03-2023	104.9000	105.9500	104.4500	104.8000	178065407.0000	14847	1691150
21-03-2023	105.8500	105.8500	104.2500	104.9000	155750421.0000	8876	1486553
20-03-2023	105.5000	106.5000	103.8500	104.5000	259500952.0000	30607	2477463
17-03-2023	106.1500	107.3500	105.0000	107.0500	177097396.0000	11435	1669299
16-03-2023	107.4500	107.4500	103.7500	105.0500	302933384.0000	17535	2889347
15-03-2023	107.3000	109.1000	107.3000	108.6500	337330898.0000	20153	3108758
14-03-2023	106.9000	108.6000	106.2000	106.4500	347366257.0000	25553	3233979
13-03-2023	108.1000	109.0000	106.3500	106.8500	174113370.0000	12726	1616530
10-03-2023	107.5000	108.3500	106.6000	108.0500	188863044.0000	11403	1753556
09-03-2023	107.6000	108.9500	107.4500	108.2000	409515324.0000	28841	3776802
08-03-2023	105.3000	106.9500	103.9000	106.5500	161135185.0000	10892	1517735
06-03-2023	107.2000	107.7000	105.0500	105.6500	209908551.0000	14889	1973758
03-03-2023	105.7500	107.4000	105.0500	106.9500	356126735.0000	12317	3357351
02-03-2023	105.8500	106.9000	104.3500	104.6500	200299827.0000	12274	1903955
01-03-2023	104.3500	107.1000	104.3500	105.5000	222951678.0000	13069	2109745
28-02-2023	106.6000	107.0500	103.7000	103.9500	217726059.0000	16261	2074518
27-02-2023	109.8000	109.9500	105.2000	106.1000	409894110.0000	46405	3837980
24-02-2023	112.5000	112.8500	109.5500	109.8000	193328695.0000	11875	1748290
23-02-2023	111.3000	113.7000	111.3000	111.9000	169952102.0000	10481	1512761
22-02-2023	113.0500	113.6500	110.6500	111.1500	283158427.0000	20434	2528641
21-02-2023	112.7000	114.1500	112.7000	113.2000	180490845.0000	9614	1589193
20-02-2023	112.5500	112.7500	111.0500	112.3500	261876498.0000	18035	2335671
17-02-2023	111.8000	113.1000	111.3500	112.3000	359204477.0000	10567	3186663
16-02-2023	110.3500	112.2000	110.3500	112.0000	298485469.0000	17923	2681342
15-02-2023	108.9000	110.6000	108.8000	110.3500	183798461.0000	10120	1674034
14-02-2023	109.5000	109.9000	108.3000	109.2500	293396787.0000	19479	2690788
13-02-2023	108.9500	110.6000	108.4500	108.8000	251891679.0000	14431	2306040
10-02-2023	111.0500	111.0500	108.3000	108.8000	226675060.0000	13541	2077013
09-02-2023	111.8000	112.9500	109.9500	111.2500	533008247.0000	28532	4795924
08-02-2023	111.4000	112.7000	110.0500	111.5000	961908542.0000	33342	8634481
07-02-2023	112.0000	115.3000	110.5500	111.4500	998751594.0000	70312	8882368
06-02-2023	120.0000	120.0000	117.0500	117.6000	220520514.0000	14265	1869435
03-02-2023	120.0000	120.9500	117.2000	120.1000	249582342.0000	11606	2091368
02-02-2023	122.0000	122.4500	118.4000	119.9000	183997786.0000	12574	1535468
01-02-2023	120.0000	124.1500	119.3500	122.0500	517803452.0000	19603	4241140
31-01-2023	118.7000	120.4000	117.8500	119.6500	276780683.0000	11222	2315624
30-01-2023	120.6000	121.0500	116.9000	118.7000	265972423.0000	13685	2244982
27-01-2023	121.6000	123.2000	119.1000	120.6500	292093035.0000	16090	2413700
25-01-2023	120.2500	122.2500	120.0000	121.0000	249878314.0000	11440	2065147
24-01-2023	122.3000	122.5500	120.1000	120.3500	197603031.0000	8264	1632781
23-01-2023	123.3000	123.8500	121.5000	122.0000	246549673.0000	11018	2010820
20-01-2023	123.5000	124.2000	122.0000	122.9000	233200166.0000	10135	1891853
19-01-2023	121.9500	124.3000	120.2500	123.5000	602625937.0000	27976	4882667
18-01-2023	119.8500	123.0000	119.8500	122.6000	407333058.0000	15199	3336506
17-01-2023	119.8500	119.8500	118.0000	119.3500	181227925.0000	9060	1523585
16-01-2023	121.2500	121.4500	118.8000	119.9500	191413456.0000	12519	1597301
13-01-2023	118.3500	121.6000	118.1500	120.4500	380403810.0000	16139	3161530
12-01-2023	118.8500	119.2000	117.5500	118.0500	158746320.0000	8379	1343581
11-01-2023	119.3000	120.3500	118.0000	118.8000	204419573.0000	11662	1715860
10-01-2023	117.5500	119.7500	117.5500	118.8500	281045813.0000	16043	2370293
09-01-2023	116.8000	118.1500	116.6000	117.5000	184509224.0000	11631	1569990
06-01-2023	116.8000	117.8000	115.2500	115.6000	445921087.0000	25278	3823792
05-01-2023	116.4000	117.0000	114.5000	116.6000	269791878.0000	13888	2330432
04-01-2023	118.5500	119.1000	115.3500	115.7000	286758640.0000	14417	2459449
03-01-2023	119.7500	120.5000	117.7500	118.4500	390294352.0000	18673	3278960
02-01-2023	114.2000	119.6000	113.7500	119.2500	1501134972.0000	69759	12754227
30-12-2022	112.5500	114.7000	112.1000	112.6500	509040035.0000	27546	4484636
29-12-2022	108.8000	112.0000	108.8000	111.7500	267421189.0000	12339	2414638
28-12-2022	111.1500	112.2500	109.7000	109.9500	409615373.0000	22970	3691519
27-12-2022	106.6000	111.5000	105.8000	111.1500	578719170.0000	34045	5297075
26-12-2022	102.0000	105.6000	101.6000	105.0000	172342589.0000	12210	1652036
23-12-2022	105.8000	106.5000	101.9000	102.2000	248384997.0000	16510	2389781
22-12-2022	109.4000	110.6000	106.4000	107.5500	242600366.0000	12676	2251051
21-12-2022	111.6500	111.9500	108.7500	109.3500	174277937.0000	10864	1579701
20-12-2022	111.2000	111.5000	109.0500	110.9000	138493350.0000	7317	1257515
19-12-2022	110.7500	112.1000	110.7500	111.7500	102700215.0000	6726	921499
16-12-2022	110.1500	112.0500	109.4000	111.0000	320573636.0000	18544	2897166
15-12-2022	112.7500	113.5000	110.7000	110.9500	166971487.0000	9901	1493831
14-12-2022	111.3000	113.2000	111.1500	113.0000	162721938.0000	7960	1448648
13-12-2022	112.3500	112.7500	110.8000	111.1500	223972566.0000	17362	2009016
12-12-2022	110.0000	112.1000	108.7000	111.7500	344983298.0000	24047	3114190
09-12-2022	112.6000	113.8000	109.7000	110.4500	360169223.0000	22415	3226905
08-12-2022	111.5000	112.9500	110.8000	111.8500	347185604.0000	16780	3107262
07-12-2022	113.1000	113.5000	110.9000	111.2500	216131069.0000	9565	1930243
06-12-2022	115.6000	115.6000	112.2500	112.9000	324014977.0000	14012	2856264
05-12-2022	113.0500	116.0500	112.6000	115.8000	1136000512.0000	52542	9902771
02-12-2022	110.2500	112.5000	110.2500	112.0500	391014369.0000	13280	3506966
01-12-2022	108.2000	111.3000	108.0000	110.7000	1302447298.0000	46813	11872545
30-11-2022	106.1000	107.9000	105.9000	107.7000	477490775.0000	27607	4451220
29-11-2022	104.8000	107.6000	104.8000	106.1000	488918338.0000	19724	4589186
28-11-2022	105.9000	106.4000	104.5500	104.9000	279703825.0000	20714	2663200
25-11-2022	105.5500	106.5000	105.1000	106.2000	134188780.0000	7021	1266476
24-11-2022	105.6500	105.9500	104.6000	105.4500	215764155.0000	15853	2049473
23-11-2022	105.9000	105.9500	104.9000	105.6000	139951739.0000	5339	1326989
22-11-2022	104.2500	105.4000	103.5500	105.1500	148016306.0000	6854	1417435
21-11-2022	107.9000	107.9000	103.9000	104.2000	445376204.0000	25213	4222910
18-11-2022	105.8500	106.3000	104.7000	105.5000	208053369.0000	14885	1973041
17-11-2022	106.0000	106.7500	104.5000	105.8500	260946606.0000	17620	2476199
16-11-2022	108.3000	108.8000	105.2500	106.5500	164736606.0000	9372	1540453
15-11-2022	108.8000	109.3500	107.2500	108.5000	308165816.0000	14157	2855557
14-11-2022	108.1500	110.0000	108.1500	108.6500	283699604.0000	13743	2600489
11-11-2022	106.2000	108.2000	106.1500	107.5000	365228895.0000	13124	3403076
10-11-2022	105.0500	106.0000	104.4500	104.6500	323439196.0000	17236	3073273
09-11-2022	107.0000	107.5000	105.5500	106.1500	255775217.0000	10485	2405877
07-11-2022	105.1000	107.4000	104.5500	106.6500	868946950.0000	44272	8160890
04-11-2022	102.2500	105.0000	102.2500	104.7500	853041178.0000	44681	8220902
03-11-2022	100.6000	102.6000	100.0500	102.2000	235606198.0000	8289	2317113
02-11-2022	100.9000	102.9000	100.8000	101.2000	426530244.0000	20953	4184733
01-11-2022	98.1500	101.4500	98.1500	101.2000	602484238.0000	34675	6014204
31-10-2022	101.7000	102.1500	100.3000	101.5500	192047689.0000	11154	1897296
28-10-2022	104.0500	104.5000	100.8000	101.5500	388788327.0000	25476	3814661
27-10-2022	102.0500	104.6500	102.0500	104.2000	384167683.0000	15410	3699848
25-10-2022	101.0000	102.5000	100.6500	101.1500	315508811.0000	17665	3108326
24-10-2022	102.0000	102.0000	101.0000	101.2000	50325534.0000	8414	496638
21-10-2022	100.6500	101.4500	99.3500	100.1500	249610420.0000	18115	2488930
20-10-2022	99.5000	101.1000	98.8000	100.9000	357554022.0000	21505	3573785
19-10-2022	100.6000	101.2000	99.7000	100.0500	234473151.0000	8139	2331137
18-10-2022	100.1000	101.0000	99.8000	100.6000	284204710.0000	17198	2827302
17-10-2022	99.8500	100.4000	98.1000	99.5500	1274839847.0000	25318	12754082
14-10-2022	101.6000	102.7000	99.8500	100.1000	306147369.0000	20087	3020846
13-10-2022	100.7000	101.8000	98.8500	100.1000	310852813.0000	27009	3107555
12-10-2022	100.5000	101.1500	99.0000	100.5500	242762367.0000	13098	2423376
11-10-2022	103.3000	103.5000	99.9000	100.3000	1310521614.0000	29045	12749057
10-10-2022	102.0000	103.9000	101.2000	103.2500	179003172.0000	11390	1748242
07-10-2022	103.3500	103.4500	101.8500	103.2000	175968501.0000	11485	1716013
06-10-2022	102.0000	103.8000	101.7500	103.4500	504761403.0000	28887	4893642
04-10-2022	99.6000	101.5000	99.6000	101.1500	193322160.0000	11540	1919491
03-10-2022	99.4000	99.6000	98.0000	98.3000	342774900.0000	32462	3479333
30-09-2022	96.7000	100.4000	95.7000	99.3000	509859403.0000	37691	5196062
29-09-2022	96.9000	98.3000	96.4000	96.8500	476280828.0000	42225	4897702
28-09-2022	96.6500	97.8500	95.0000	95.2500	314221407.0000	24629	3254693
27-09-2022	101.1000	101.3000	96.5500	97.6000	803666066.0000	80009	8194478
26-09-2022	104.5000	104.5000	98.5000	99.8500	531824388.0000	39179	5309642
23-09-2022	106.2000	107.9000	103.7500	104.2500	822371039.0000	54622	7815307
22-09-2022	104.5000	105.3000	103.5000	103.6500	434474119.0000	33322	4167273
21-09-2022	105.8500	107.2000	104.3000	104.5000	428128523.0000	28573	4045221
20-09-2022	104.2500	106.3500	104.0000	105.8500	465518641.0000	30790	4415941
19-09-2022	106.0500	106.2500	103.0000	103.1500	1155253607.0000	51456	10985828
16-09-2022	106.3500	107.5500	105.0000	105.8000	510248143.0000	43575	4808283
15-09-2022	109.0000	109.0000	106.5000	107.0000	298472151.0000	14684	2776687
14-09-2022	106.1000	110.4000	105.8000	109.1000	905386199.0000	46854	8346563
13-09-2022	107.7000	108.6500	107.5500	107.7500	224626049.0000	11360	2080612
12-09-2022	106.7000	107.9000	106.4500	107.7000	589408857.0000	26359	5496065
09-09-2022	106.8000	107.3500	105.5500	105.7500	463309743.0000	29601	4350354
08-09-2022	108.1500	108.5000	105.3000	105.8500	474898189.0000	39382	4463250
07-09-2022	107.3000	108.8000	107.1000	107.6000	226793069.0000	10857	2104970
06-09-2022	107.1500	108.7500	106.0500	108.5500	645383180.0000	32995	6000201
05-09-2022	105.9000	107.2500	105.9000	106.9000	530582043.0000	28075	4969281
02-09-2022	106.9000	107.0500	105.0000	105.5500	440180755.0000	34299	4160902
01-09-2022	107.2000	107.8000	105.8500	106.4500	453401911.0000	35065	4250740
30-08-2022	106.3000	108.4500	106.0000	108.3000	617723768.0000	35326	5754654
29-08-2022	101.2000	105.6500	101.2000	104.8500	622078270.0000	53239	5943071
26-08-2022	107.3000	109.2000	107.1000	107.4000	260498807.0000	13921	2408297
25-08-2022	106.8500	107.8500	105.8000	106.2000	425962720.0000	33480	3978457
24-08-2022	107.8500	108.2000	105.8000	106.5500	362907486.0000	24497	3396443
23-08-2022	104.2000	108.2500	103.4500	107.5500	751074957.0000	45363	7046063
22-08-2022	109.7000	109.7000	104.7000	105.0500	457901517.0000	36681	4276721
19-08-2022	112.8000	112.8000	109.5000	110.0000	560180185.0000	44411	5041359
18-08-2022	112.5000	113.0000	111.3500	112.5500	440091890.0000	28686	3917906
17-08-2022	113.7000	113.7000	112.2500	112.5000	510216372.0000	33506	4520838
16-08-2022	113.7000	113.8000	111.0500	113.0000	614523563.0000	36987	5462751
12-08-2022	109.2000	112.9000	108.7000	112.6500	1057314722.0000	46830	9455716
11-08-2022	110.1000	110.6500	108.6000	109.1000	573425150.0000	34707	5233551
10-08-2022	107.9000	109.9000	106.4500	109.2500	433010716.0000	20346	4002923
08-08-2022	107.5000	108.2000	106.7000	107.2000	388227862.0000	26937	3616970
05-08-2022	107.8500	109.2500	107.0500	107.3500	544107073.0000	31846	5034443
04-08-2022	108.1500	109.5000	106.0500	107.7000	463340207.0000	23305	4298457
03-08-2022	106.8500	108.5000	106.0000	107.0000	350856816.0000	19809	3280717
02-08-2022	108.2000	108.2000	105.3000	106.9500	397346066.0000	24749	3719535
01-08-2022	110.1000	111.4500	106.1000	108.2500	1386140669.0000	91674	12783082
29-07-2022	103.0000	109.3000	102.1000	107.6500	1243570329.0000	95935	11659958
28-07-2022	98.0000	102.0500	97.4000	100.3500	869119039.0000	84992	8730002
27-07-2022	949.0500	961.5500	943.6000	959.4500	256851720.0000	8761	269487
26-07-2022	969.0000	974.0000	945.9000	949.4500	698591999.0000	27826	727859
25-07-2022	936.0000	966.1500	933.5500	960.9000	406624149.0000	14044	425825
22-07-2022	940.0000	944.0000	932.0500	936.0000	316655569.0000	15045	337543
21-07-2022	930.0000	939.0000	924.6500	934.5000	203513266.0000	8424	217970
20-07-2022	934.2500	937.7500	925.0000	928.2000	256773075.0000	10309	275649
19-07-2022	904.1000	922.0000	901.0000	919.2500	525477007.0000	19057	573149
18-07-2022	894.9500	907.8500	892.2500	904.3000	1123206907.0000	8938	1265850
15-07-2022	902.5000	910.2000	877.5000	883.6000	516650961.0000	25548	580076
14-07-2022	905.0500	910.9000	895.0000	908.1000	269486486.0000	9606	298400
13-07-2022	904.0000	914.0000	901.0000	904.5000	452792026.0000	16954	499286
12-07-2022	909.0000	915.9500	893.8000	902.1000	404662954.0000	13437	448623
11-07-2022	888.8000	928.5000	876.0500	912.7000	575962958.0000	17414	634460
08-07-2022	919.0000	919.0000	880.5000	885.7500	630213436.0000	25269	708772
07-07-2022	865.0000	906.0000	858.0000	900.3000	724532712.0000	27352	822127
06-07-2022	860.3000	861.0000	838.3000	858.4000	488760269.0000	23899	576147
05-07-2022	862.0500	879.0000	858.0500	860.3000	431679521.0000	17614	497137
04-07-2022	870.0000	871.1000	844.0000	854.5500	410309819.0000	25622	482064
01-07-2022	872.0000	875.2500	859.3500	873.3000	238444176.0000	7971	274943
30-06-2022	884.0000	894.5500	864.2500	866.9500	209257797.0000	8850	238321
29-06-2022	872.0000	888.6000	865.0000	881.4500	353661206.0000	15292	401386
28-06-2022	868.7000	884.2000	860.6000	879.4000	285351009.0000	8751	326517
27-06-2022	867.0500	878.7000	863.1000	867.7500	421173001.0000	17716	483988
24-06-2022	848.0000	864.7500	844.6000	852.8500	359194236.0000	11598	420917
23-06-2022	840.0000	856.0000	827.1000	840.9500	372360768.0000	13477	442799
22-06-2022	876.9000	876.9000	835.6000	837.9500	422684769.0000	17170	497760
21-06-2022	877.0000	895.1500	864.0000	884.2500	463944576.0000	17512	529022
20-06-2022	907.8500	907.8500	843.0000	861.2000	974269536.0000	53599	1130435
17-06-2022	901.4000	927.6000	895.0000	906.8500	757478363.0000	33376	830195
16-06-2022	970.0000	975.0000	898.5000	901.7000	817169002.0000	50828	878420
15-06-2022	954.0000	974.1500	951.5000	959.7000	496970860.0000	25428	516594
14-06-2022	989.0000	1013.7500	987.6500	996.3000	466209035.0000	20913	465800
13-06-2022	1008.0000	1011.9000	990.0000	992.7000	349778504.0000	16094	349925
10-06-2022	1032.0000	1032.0000	1011.0000	1023.5000	512999877.0000	25274	502413
09-06-2022	1079.5500	1087.4000	1041.5000	1045.3500	560460610.0000	26966	530413
08-06-2022	1074.0000	1088.5000	1074.0000	1086.7500	423119530.0000	13622	390582
07-06-2022	1070.0000	1081.4000	1063.5500	1068.5500	330233209.0000	14610	308585
06-06-2022	1062.3000	1083.0000	1049.4500	1078.2000	499311157.0000	17861	466086
03-06-2022	1089.2000	1092.8500	1065.0000	1067.6500	245192363.0000	10021	227820
02-06-2022	1068.0000	1084.6000	1059.0000	1081.2500	370874928.0000	10425	345733
01-06-2022	1061.0500	1079.0000	1054.4000	1062.9500	394872223.0000	9999	370412
31-05-2022	1044.9000	1071.9000	1037.2500	1055.5500	371606472.0000	11832	350630
30-05-2022	1060.0000	1063.9500	1044.0000	1047.4000	324372043.0000	9482	308196
27-05-2022	1063.8000	1068.8000	1032.0500	1043.3500	362340397.0000	10131	345807
26-05-2022	1007.0000	1067.3000	995.6000	1051.8500	1078993305.0000	37485	1043666
25-05-2022	1003.0000	1018.1500	992.0000	999.2000	405343775.0000	17076	403505
24-05-2022	1034.0000	1039.8000	1002.5000	1006.2000	823987326.0000	41631	807601
23-05-2022	1110.0000	1110.0000	1003.1500	1023.6000	1470232709.0000	59572	1426786
20-05-2022	1160.0000	1178.2000	1141.5000	1170.2000	487238743.0000	18518	419791
19-05-2022	1150.0000	1155.6000	1115.2000	1122.8500	470039833.0000	24465	414937
18-05-2022	1194.3000	1209.0000	1175.6000	1180.2500	427669607.0000	12684	359705
17-05-2022	1125.0000	1196.8500	1117.9000	1188.3500	849769419.0000	28502	732820
16-05-2022	1121.9000	1134.9000	1093.7500	1104.2500	337645031.0000	12452	302963
13-05-2022	1130.0000	1152.1500	1092.5000	1096.4500	598571592.0000	28849	533206
12-05-2022	1157.1000	1162.0000	1103.3500	1118.1500	629678741.0000	30426	559841
11-05-2022	1171.1500	1190.6000	1123.5500	1166.3000	777822159.0000	27424	672074
10-05-2022	1252.0000	1254.7500	1158.2500	1165.4000	1044454061.0000	45639	873173
09-05-2022	1269.9000	1274.0000	1244.1000	1252.4000	420979848.0000	16382	334613
06-05-2022	1270.0000	1289.6500	1243.0000	1284.3000	631411183.0000	22553	500061
05-05-2022	1282.0000	1316.5500	1276.8000	1284.5000	792173094.0000	28489	609955
04-05-2022	1330.0000	1330.0000	1255.0000	1261.4500	1741910384.0000	34117	1347222
02-05-2022	1255.0000	1302.7000	1248.7500	1295.1000	586272673.0000	16757	458759
29-04-2022	1265.0000	1291.4000	1264.0500	1271.7000	471450171.0000	18102	368508
28-04-2022	1260.0000	1268.1000	1243.0500	1261.1000	287367419.0000	8919	228686
27-04-2022	1228.0000	1254.9000	1210.2000	1246.5000	334901178.0000	9810	271776
26-04-2022	1235.0000	1241.5000	1225.1500	1233.5500	282775068.0000	12215	229264
25-04-2022	1251.0000	1260.0000	1213.0000	1220.6000	756097047.0000	30295	612402
22-04-2022	1302.2000	1311.3500	1274.0000	1277.7500	655200478.0000	19578	507224
21-04-2022	1319.8500	1322.8000	1286.0000	1302.2000	414805620.0000	13563	319006
20-04-2022	1332.7000	1336.7500	1304.0000	1313.7000	249270874.0000	8309	189013
19-04-2022	1354.0000	1366.5500	1309.0500	1325.4500	483960314.0000	18661	358569
18-04-2022	1335.0000	1358.4500	1329.0000	1339.2000	667810485.0000	23088	497140
13-04-2022	1338.8000	1346.0000	1315.0000	1319.2500	448991021.0000	14344	337816
12-04-2022	1355.0000	1359.5500	1296.5500	1320.5500	708178594.0000	23273	538554
11-04-2022	1370.0000	1383.8500	1355.0000	1358.0000	453772483.0000	15594	331490
08-04-2022	1357.0000	1379.7000	1356.8000	1371.1000	445904479.0000	9022	326122
07-04-2022	1374.0000	1382.0500	1341.2500	1349.4000	637316809.0000	16323	468582
06-04-2022	1352.0000	1386.2500	1344.9000	1371.0000	1299277030.0000	34029	949495
05-04-2022	1351.8000	1358.0000	1329.4000	1344.9000	434552060.0000	11999	323900
04-04-2022	1317.1000	1353.9000	1316.0000	1339.4500	459719024.0000	11886	344548
01-04-2022	1310.2000	1340.9500	1305.7500	1316.1500	318773678.0000	8675	241380
31-03-2022	1307.9500	1320.4500	1299.5000	1307.0500	219284455.0000	6508	167212
30-03-2022	1335.0000	1335.9500	1300.1000	1307.9500	310441992.0000	8622	237301
29-03-2022	1341.1000	1348.0000	1326.8000	1334.4000	347909133.0000	10699	260505
28-03-2022	1337.0000	1355.0000	1328.0500	1339.0000	275269555.0000	7517	205126
25-03-2022	1354.0000	1366.2000	1334.1500	1338.8500	414522242.0000	12187	306832
24-03-2022	1330.0000	1359.2500	1325.7500	1350.2000	562428543.0000	15182	417056
23-03-2022	1322.5000	1347.4000	1292.2000	1330.5000	1209925300.0000	36427	913956
22-03-2022	1315.0000	1330.0000	1288.0000	1302.4500	426250735.0000	11517	325972
21-03-2022	1318.0000	1334.0000	1295.0500	1302.2500	461876211.0000	12983	350101
17-03-2022	1270.0500	1317.7000	1270.0500	1303.3500	586782247.0000	15183	451805
16-03-2022	1245.9000	1271.0000	1240.0500	1265.2000	309072143.0000	10006	245731
15-03-2022	1294.0000	1294.0000	1228.4500	1233.6500	601700640.0000	26588	480590
14-03-2022	1307.7500	1311.8000	1278.6000	1297.1000	317562448.0000	9781	245627
11-03-2022	1312.5000	1339.7000	1296.5000	1301.4500	1439304942.0000	22983	1092484
10-03-2022	1263.7000	1313.8000	1241.2000	1308.4000	679954273.0000	22318	531413
09-03-2022	1272.2000	1276.5500	1248.4500	1254.8000	523238228.0000	20020	415041
08-03-2022	1297.0000	1297.0000	1244.5000	1269.3500	908844324.0000	24549	720326
07-03-2022	1278.0000	1301.7000	1263.8500	1291.7500	1616279839.0000	58544	1263781
04-03-2022	1303.0000	1320.0000	1273.5000	1277.4000	934089787.0000	28936	719184
03-03-2022	1305.0000	1328.1000	1293.8500	1303.1500	933158098.0000	26724	712074
02-03-2022	1208.0000	1299.7000	1208.0000	1288.5000	2537316519.0000	84752	1982073
28-02-2022	1138.0000	1225.0000	1130.0500	1220.9000	887067019.0000	27595	744142
25-02-2022	1091.3000	1150.0000	1091.3000	1145.2000	693820949.0000	27884	611567
24-02-2022	1095.0000	1119.4500	1068.0000	1074.9500	566303936.0000	24479	516821
23-02-2022	1149.8000	1152.2000	1134.3500	1138.8000	235952271.0000	8223	206261
22-02-2022	1155.0500	1166.2000	1119.4500	1138.4500	438330262.0000	16913	383940
21-02-2022	1186.2000	1202.0000	1174.5500	1181.5000	486479074.0000	16555	409535
18-02-2022	1185.0000	1205.0000	1182.6500	1190.8500	238264006.0000	9271	199149
17-02-2022	1202.7000	1209.5500	1186.3000	1190.5000	412882445.0000	15614	344602
16-02-2022	1211.0000	1218.0000	1187.0000	1192.0500	348815201.0000	12390	290938
15-02-2022	1190.0000	1212.0000	1151.5500	1207.5500	692230859.0000	23126	586179
14-02-2022	1206.0000	1226.0000	1180.0000	1185.9000	783395577.0000	38927	650375
11-02-2022	1241.0000	1265.0000	1233.3500	1254.7500	491016221.0000	16699	391971
10-02-2022	1230.0000	1254.0000	1226.0000	1248.2500	1005784227.0000	40338	808721
09-02-2022	1230.0000	1233.3000	1208.2000	1222.4000	369696761.0000	12982	303168
08-02-2022	1196.5500	1222.0000	1171.6000	1219.5500	634262725.0000	21843	527525
07-02-2022	1169.7000	1214.4500	1166.1000	1182.9000	629430637.0000	22910	526971
04-02-2022	1177.5000	1197.7500	1170.1000	1176.1500	530220101.0000	16312	447675
03-02-2022	1152.0000	1182.0000	1145.9000	1165.6500	537727139.0000	20121	459785
02-02-2022	1180.8000	1182.8000	1158.2000	1167.5000	511525142.0000	22443	438474
01-02-2022	1110.0000	1173.9000	1086.6000	1167.6500	795951069.0000	32706	701137
31-01-2022	1113.0000	1114.7500	1081.1000	1085.4500	259203680.0000	10781	236414
28-01-2022	1106.8000	1126.0000	1080.7500	1084.6000	523126306.0000	25510	471877
27-01-2022	1103.0000	1103.6500	1061.7000	1088.7500	385694221.0000	19303	356609
25-01-2022	1102.5000	1120.9000	1088.1500	1108.7000	335324448.0000	14856	302898
24-01-2022	1164.4000	1164.4000	1090.1000	1099.1500	462375751.0000	20068	412253
21-01-2022	1200.5000	1204.1500	1156.3500	1169.0500	594675628.0000	27134	505177
20-01-2022	1208.7500	1223.7000	1197.5500	1207.5000	299019826.0000	8389	246656
19-01-2022	1197.0000	1220.6000	1183.1000	1208.7500	588400444.0000	12872	487852
18-01-2022	1232.0000	1232.9500	1190.0000	1194.5000	389154599.0000	10358	321480
17-01-2022	1215.0000	1244.4500	1190.7000	1229.7000	544343360.0000	14307	445130
14-01-2022	1214.0000	1226.0000	1206.1000	1213.3500	391054429.0000	9926	321735
13-01-2022	1152.0000	1225.0000	1152.0000	1220.6000	1540023880.0000	53451	1283836
12-01-2022	1141.8000	1150.9500	1132.7000	1147.2000	238836563.0000	8159	209174
11-01-2022	1157.0000	1163.5000	1112.8500	1130.1500	403783202.0000	16993	355413
10-01-2022	1167.0000	1173.1000	1154.1500	1168.9500	219460482.0000	7648	188280
07-01-2022	1162.0000	1174.2000	1147.8000	1160.2000	341044946.0000	14179	293749
06-01-2022	1175.7500	1182.2000	1155.7000	1163.4000	247899199.0000	8013	212356
05-01-2022	1145.0000	1180.5000	1140.8000	1177.2500	530752028.0000	21958	455029
04-01-2022	1153.1500	1159.6000	1136.3500	1148.9500	442855033.0000	16737	385974
03-01-2022	1111.5000	1150.0000	1111.5000	1143.1500	369052456.0000	15522	326994
31-12-2021	1103.2500	1123.3000	1103.2500	1111.5000	283940245.0000	12624	254574
30-12-2021	1118.0000	1127.3500	1099.1000	1101.1000	202695097.0000	7449	182647
29-12-2021	1123.0000	1126.6000	1108.1500	1116.1000	216303759.0000	6494	193937
28-12-2021	1125.0000	1131.3500	1122.0000	1127.4000	254167330.0000	9716	225372
27-12-2021	1113.3000	1124.3500	1102.2000	1122.3500	315262150.0000	11273	282863
24-12-2021	1127.3500	1132.5000	1104.5500	1115.5500	349268915.0000	8742	313289
23-12-2021	1140.0000	1146.6000	1120.5500	1127.3500	202491768.0000	7388	178274
22-12-2021	1108.4500	1132.0000	1108.4500	1127.5000	299825697.0000	8225	266843
21-12-2021	1085.0500	1124.0000	1085.0500	1104.9000	602770907.0000	24793	543016
20-12-2021	1120.0000	1120.0000	1066.3500	1072.9500	452866479.0000	18289	419294
17-12-2021	1156.0000	1158.4000	1125.0500	1131.8500	345694997.0000	19886	304156
16-12-2021	1167.0000	1168.9000	1143.9000	1154.2000	136680474.0000	5363	118046
15-12-2021	1175.0000	1175.5000	1150.0000	1153.8500	585523445.0000	6182	501023
14-12-2021	1160.0500	1178.2000	1148.0000	1166.9500	230395708.0000	8332	197823
13-12-2021	1187.0000	1199.0000	1161.7500	1165.1500	402177800.0000	18238	340087
10-12-2021	1175.0000	1188.7500	1166.7500	1180.0500	236377956.0000	7288	200556
09-12-2021	1178.6000	1182.0000	1159.5500	1176.7500	352132382.0000	15566	300927
08-12-2021	1163.4000	1176.6000	1149.0000	1173.3500	858807129.0000	22814	737507
07-12-2021	1123.8000	1155.5000	1121.8000	1149.3500	724769141.0000	26460	635509
06-12-2021	1120.0000	1140.7500	1102.4000	1109.0500	739617504.0000	27322	659184
03-12-2021	1117.0000	1134.3500	1102.4500	1118.0000	700401401.0000	27253	625769
02-12-2021	1082.0000	1115.5000	1074.0000	1112.8000	373495624.0000	12070	341450
01-12-2021	1076.0000	1095.9000	1066.6500	1082.5000	498963849.0000	22669	461681
30-11-2021	1113.8500	1127.5000	1063.8000	1071.6000	695269706.0000	37634	632641
29-11-2021	1112.2500	1136.9500	1075.5000	1114.7500	494549407.0000	17813	444042
26-11-2021	1160.0000	1160.0000	1107.0000	1112.2500	1065562019.0000	61001	945033
25-11-2021	1185.0000	1186.5000	1166.0000	1173.6500	400479311.0000	15990	340578
24-11-2021	1202.7000	1203.5000	1172.0000	1178.8500	963224655.0000	24077	806314
23-11-2021	1166.0000	1209.0000	1164.8500	1192.5500	715356157.0000	27434	599336
22-11-2021	1186.0000	1196.5500	1146.0500	1164.8000	799886432.0000	34374	682297
18-11-2021	1215.3500	1228.7500	1182.3000	1186.8000	499557455.0000	15295	416611
17-11-2021	1225.0000	1237.5000	1215.0500	1220.0000	704877275.0000	27610	575480
16-11-2021	1247.5000	1260.7000	1226.0000	1228.9000	564637109.0000	17181	454448
15-11-2021	1298.0000	1299.0500	1243.0000	1245.2000	702718711.0000	24774	556221
12-11-2021	1343.0000	1343.0000	1272.0000	1286.9000	1205650406.0000	28960	929406
11-11-2021	1304.7000	1324.2000	1288.6500	1298.9500	857757661.0000	25676	655932
10-11-2021	1329.0000	1329.1000	1287.2000	1298.5500	547471002.0000	17147	420920
09-11-2021	1347.0000	1360.0000	1328.8500	1335.5500	246688236.0000	6557	183559
08-11-2021	1340.0000	1346.7000	1306.5500	1342.8000	261072576.0000	6988	196110
04-11-2021	1334.5000	1334.5000	1324.1500	1325.8500	41074876.0000	1677	30901
03-11-2021	1324.0000	1331.2000	1312.0000	1325.9000	404731291.0000	11465	305875
02-11-2021	1370.0000	1370.0000	1311.0000	1314.5000	561817974.0000	20577	419812
01-11-2021	1336.6500	1372.7000	1329.8000	1365.5500	891715141.0000	22609	656173
29-10-2021	1293.9000	1333.7000	1290.9500	1316.6500	501665843.0000	28757	380443
28-10-2021	1319.0000	1319.0000	1291.5000	1299.2000	316564724.0000	10639	243197
27-10-2021	1348.5000	1351.2500	1320.9000	1325.1500	382145333.0000	14259	285153
26-10-2021	1296.0000	1351.0000	1296.0000	1345.2500	466353883.0000	16515	351262
25-10-2021	1298.0000	1316.0000	1267.3500	1294.5000	334583769.0000	9142	258893
22-10-2021	1322.6500	1324.5000	1271.1500	1295.7000	403305057.0000	12401	311443
21-10-2021	1358.0000	1358.0000	1290.1000	1314.4500	358437812.0000	10339	271478
20-10-2021	1370.0000	1376.0000	1326.8000	1342.7500	1584552393.0000	21209	1164503
19-10-2021	1421.0000	1426.2000	1357.2000	1367.3500	803460684.0000	23485	575835
18-10-2021	1420.0000	1424.6000	1391.0000	1411.1000	551885883.0000	12946	390860
14-10-2021	1375.0000	1390.0000	1354.3000	1373.6500	417364109.0000	9545	303893
13-10-2021	1331.0000	1376.1500	1318.5500	1354.2000	775432027.0000	16760	571419
12-10-2021	1316.5000	1335.0000	1304.6000	1329.0000	557471318.0000	16790	421571
11-10-2021	1307.7500	1326.7500	1298.2000	1313.6000	1123068897.0000	6390	861232
08-10-2021	1304.0000	1344.0000	1297.0000	1300.9500	1019120122.0000	27286	771927
07-10-2021	1293.0500	1306.4500	1283.9500	1289.4500	239024670.0000	6444	184596
06-10-2021	1323.0000	1328.8000	1273.3500	1279.7000	419819964.0000	12552	323348
05-10-2021	1316.0000	1332.0000	1310.3500	1316.6500	439889292.0000	13446	333139
04-10-2021	1298.5000	1327.7000	1280.7500	1324.3000	954442815.0000	28302	728391
01-10-2021	1275.0000	1311.0000	1265.5000	1298.4500	501217869.0000	11610	387669
30-09-2021	1301.5000	1316.4000	1284.4000	1288.5500	383012318.0000	9430	295075
29-09-2021	1276.0000	1309.6000	1269.0000	1295.5000	697868783.0000	13474	541382
28-09-2021	1274.6000	1296.9500	1263.0000	1280.6500	744066011.0000	19995	580744
27-09-2021	1274.0000	1288.9500	1261.5500	1271.0000	481639816.0000	10822	377792
24-09-2021	1321.0000	1322.5000	1258.8000	1271.9000	1099118312.0000	40035	855379
23-09-2021	1332.0000	1339.9000	1306.5000	1319.4000	1433978258.0000	12388	1093349
22-09-2021	1300.0000	1318.0000	1283.3000	1305.3000	734616416.0000	15611	564185
21-09-2021	1256.0000	1299.0000	1233.2000	1292.0000	1797979487.0000	50798	1425645
20-09-2021	1356.0000	1356.0000	1246.8000	1253.3500	2493916593.0000	46429	1925319
17-09-2021	1447.0500	1447.0500	1360.1500	1385.3000	1014590027.0000	29063	731025
16-09-2021	1464.5500	1471.6000	1431.8000	1436.5500	333499231.0000	7671	230659
15-09-2021	1454.7000	1463.6500	1444.4500	1454.7500	252542114.0000	5517	173674
14-09-2021	1475.2500	1476.6500	1449.0000	1452.2500	306603496.0000	6833	209838
13-09-2021	1445.0000	1471.9000	1436.5500	1463.1500	715288579.0000	15898	492891
09-09-2021	1424.7000	1451.8000	1421.9500	1447.4000	320228754.0000	8153	222186
08-09-2021	1428.7000	1442.7000	1418.4000	1429.8000	289718326.0000	5665	202465
07-09-2021	1441.0000	1458.7500	1420.4000	1427.8000	606270801.0000	13645	421082
06-09-2021	1447.0000	1451.7500	1423.3000	1437.5000	463452924.0000	11529	322685
03-09-2021	1430.0500	1452.9500	1416.7500	1443.2000	668898629.0000	12953	465621
02-09-2021	1424.9000	1431.7000	1410.7000	1425.0500	565978422.0000	14196	398166
01-09-2021	1451.0000	1453.7000	1407.1000	1411.4000	620640737.0000	13042	436454
31-08-2021	1440.0000	1459.0000	1433.0000	1450.0500	712347132.0000	13319	491878
30-08-2021	1401.0000	1445.0000	1393.7500	1439.5000	862751661.0000	17043	602784
27-08-2021	1382.0000	1394.4000	1376.0000	1384.1000	461541550.0000	10081	333050
26-08-2021	1390.3500	1394.8500	1365.7000	1374.5000	675591853.0000	17590	490340
25-08-2021	1420.0000	1425.9500	1381.0000	1390.3500	825418807.0000	14746	587170
24-08-2021	1377.2000	1419.9500	1376.7000	1404.6000	1097919028.0000	20240	784666
23-08-2021	1400.0000	1409.0000	1309.8000	1358.6000	2018627485.0000	48982	1478286
20-08-2021	1459.2000	1459.2000	1363.0500	1375.8000	1623400640.0000	39766	1150903
18-08-2021	1509.9500	1519.0000	1488.5000	1499.8500	678354250.0000	13950	451531
17-08-2021	1519.4000	1533.8000	1492.1000	1503.5500	1316674374.0000	23745	869298
16-08-2021	1485.0000	1534.6000	1472.8000	1519.1500	1780709090.0000	35750	1184149
13-08-2021	1414.0000	1476.9000	1392.5000	1461.3000	1820126658.0000	36649	1270030
12-08-2021	1435.0000	1444.8000	1416.6500	1435.0000	773443954.0000	16793	540595
11-08-2021	1390.0000	1430.0000	1384.1000	1426.4500	1017327132.0000	20964	722706
10-08-2021	1415.0000	1418.3000	1367.5500	1373.5000	526040931.0000	12125	377587
09-08-2021	1438.9500	1443.2000	1405.1500	1412.0500	500939057.0000	10408	351780
06-08-2021	1450.9500	1457.0000	1425.7000	1428.7500	595604221.0000	11898	413672
05-08-2021	1418.4000	1450.0000	1387.5000	1446.4000	937738934.0000	17404	662752
04-08-2021	1420.0000	1448.3000	1405.0500	1416.0000	825445302.0000	15905	578392
03-08-2021	1413.7000	1420.5000	1390.6000	1407.1000	570709112.0000	11198	406161
02-08-2021	1448.9000	1448.9000	1405.9000	1409.9500	838647868.0000	15345	591435
30-07-2021	1459.0000	1472.9500	1428.0000	1433.7500	1092740177.0000	29018	752698
29-07-2021	1374.7000	1481.2500	1368.0000	1459.0000	2315933684.0000	55251	1612858
28-07-2021	1333.8000	1370.0000	1306.3500	1365.1500	806386027.0000	15923	602827
27-07-2021	1312.1000	1335.0000	1308.2500	1330.5000	676974248.0000	18620	511942
26-07-2021	1285.2000	1307.8500	1278.2500	1298.1000	675073886.0000	16879	521924
23-07-2021	1279.5000	1295.4500	1274.2000	1281.9000	573812587.0000	11119	446952
22-07-2021	1246.0000	1277.9500	1246.0000	1272.9500	453606350.0000	9125	358178
20-07-2021	1270.5000	1272.3500	1225.1000	1232.7000	505019619.0000	11486	406838
19-07-2021	1265.0500	1290.8500	1255.5500	1266.3000	827020107.0000	10545	648909
16-07-2021	1264.9000	1281.1500	1258.6000	1278.3000	666940731.0000	17928	525026
15-07-2021	1249.0000	1266.0000	1237.9000	1256.1000	732491335.0000	15952	583812
14-07-2021	1233.9500	1247.4000	1219.0500	1244.6000	628592680.0000	14954	508975
13-07-2021	1238.0000	1243.5500	1223.7000	1228.8500	417312066.0000	10421	338372
12-07-2021	1250.0000	1258.4000	1218.0000	1226.8500	1394450475.0000	28970	1123334
09-07-2021	1192.0000	1243.2000	1188.0500	1239.2000	1376849088.0000	35034	1128697
08-07-2021	1224.9500	1229.8000	1181.2000	1189.7500	726485883.0000	14859	601873
07-07-2021	1166.7500	1225.0000	1158.8500	1217.8000	896847476.0000	20197	748985
06-07-2021	1157.5000	1178.0000	1150.1000	1166.7500	444813930.0000	9408	381766
05-07-2021	1150.0000	1161.1000	1136.1000	1156.8000	543304092.0000	11265	473073
02-07-2021	1165.0000	1166.5000	1130.5000	1135.9500	438428160.0000	10128	382616
01-07-2021	1170.0500	1176.5500	1156.9000	1163.3500	409599767.0000	10332	351105
30-06-2021	1179.5000	1190.9500	1162.5000	1166.8500	385495766.0000	8916	326616
29-06-2021	1186.0000	1195.0000	1165.5000	1172.4500	794869047.0000	18471	675052
28-06-2021	1174.9500	1189.2000	1163.2000	1184.0500	884290599.0000	14773	749944
25-06-2021	1134.0000	1169.5000	1129.0500	1165.0000	1855634365.0000	48177	1603365
24-06-2021	1104.0000	1120.5000	1098.8000	1113.2500	410758317.0000	8048	369461
23-06-2021	1120.0000	1127.7500	1095.3500	1099.8000	634948142.0000	17115	569647
22-06-2021	1118.0000	1130.7000	1107.1500	1113.5500	609146152.0000	13779	544674
21-06-2021	1075.0000	1109.0500	1064.4500	1105.5000	724946368.0000	18060	664131
18-06-2021	1105.6500	1109.6000	1050.5000	1091.3000	1278430991.0000	32487	1190350
17-06-2021	1119.9500	1133.7500	1096.0000	1103.6500	1056621874.0000	30252	947270
16-06-2021	1170.0000	1184.5000	1131.4500	1142.1500	1135313525.0000	31180	985086
15-06-2021	1170.0000	1186.4000	1160.6000	1174.4500	679841388.0000	20604	577666
14-06-2021	1165.2000	1178.5500	1140.0000	1164.8500	1139557594.0000	31664	977577
11-06-2021	1125.0000	1164.8000	1113.0500	1159.0500	1437233954.0000	35829	1262530
10-06-2021	1112.0000	1125.5000	1103.0000	1114.5500	444716985.0000	7950	398695
09-06-2021	1115.0000	1127.9500	1094.4000	1100.9000	464088276.0000	10404	418142
08-06-2021	1133.0000	1134.0000	1100.0500	1110.5000	576573060.0000	11958	519355
07-06-2021	1129.9500	1150.0000	1125.7000	1128.3000	751011131.0000	14466	661287
04-06-2021	1119.0000	1128.9000	1107.2500	1119.9000	383311075.0000	8515	343303
03-06-2021	1128.0000	1139.4000	1113.3000	1121.7000	467435056.0000	10174	415095
02-06-2021	1107.9500	1129.0000	1105.0000	1123.5500	632475216.0000	12407	566476
01-06-2021	1128.0000	1128.0000	1085.5000	1100.3000	1031975007.0000	21087	939978
31-05-2021	1105.2000	1129.8500	1099.4500	1125.6500	1038940448.0000	23996	930922
28-05-2021	1127.1000	1143.8000	1097.5500	1103.7500	990357409.0000	19057	881008
27-05-2021	1082.0000	1109.6500	1075.0000	1096.6000	1201952386.0000	18406	1100979
26-05-2021	1093.9000	1093.9000	1073.0000	1081.8500	820754605.0000	15262	757971
25-05-2021	1104.0000	1125.9500	1099.9500	1104.9000	879165203.0000	16163	790846
24-05-2021	1112.9000	1112.9000	1081.0000	1091.8500	1017919349.0000	23596	931161
21-05-2021	1114.0000	1123.5500	1106.0000	1112.5000	680325394.0000	13226	610249
20-05-2021	1139.9000	1139.9000	1098.9500	1104.8500	1772565613.0000	44062	1591182
19-05-2021	1174.5000	1189.6000	1158.2000	1164.3000	843092474.0000	15796	718110
18-05-2021	1172.0000	1196.2000	1157.0500	1179.5000	1346948273.0000	24041	1140612
17-05-2021	1140.0000	1158.2000	1103.6500	1150.6500	1541074594.0000	28972	1368352
14-05-2021	1189.0000	1189.0000	1115.0000	1132.1000	2024099749.0000	41501	1770430
12-05-2021	1231.0000	1246.8000	1163.0000	1178.6500	2327683553.0000	46054	1923553
11-05-2021	1187.0000	1246.2500	1176.6000	1233.9000	2635460047.0000	48267	2167344
10-05-2021	1209.0000	1229.0500	1200.0000	1216.5500	1891947335.0000	36194	1557719
07-05-2021	1129.0000	1192.0000	1129.0000	1182.3500	3145047248.0000	53228	2700760
06-05-2021	1064.0000	1128.8000	1044.0000	1100.5500	2349571130.0000	45827	2128433
05-05-2021	1081.2000	1088.8500	1047.0000	1068.9500	984236109.0000	21146	923316
04-05-2021	1074.0000	1086.7000	1058.3000	1064.0500	1247522099.0000	18340	1162806
03-05-2021	1034.9500	1070.0000	1018.4500	1064.5500	1102421680.0000	20618	1052434
30-04-2021	1022.2500	1052.5000	1011.2000	1033.9500	1693716087.0000	31845	1641333
29-04-2021	982.0000	1037.0000	982.0000	1031.6000	2237130929.0000	41877	2204080
28-04-2021	985.0500	986.3500	962.1000	971.0500	829928784.0000	14203	854313
27-04-2021	949.0000	983.3500	944.4000	977.1500	1228342154.0000	21609	1271922
26-04-2021	934.0000	956.1500	930.1000	940.4000	707787123.0000	12419	750283
23-04-2021	930.0000	945.3000	910.6500	925.2000	814398251.0000	20399	875520
22-04-2021	900.0000	938.5000	897.6000	921.2000	1843803322.0000	34225	1989200
20-04-2021	901.5000	905.8500	882.1500	894.3000	690459432.0000	11364	772313
19-04-2021	874.7000	898.8000	854.9000	886.9500	883312725.0000	14647	997599
16-04-2021	904.0000	914.1000	886.5000	889.6000	671710404.0000	15521	745838
15-04-2021	885.0500	911.7500	879.7500	897.8500	806756683.0000	16085	900952
13-04-2021	859.9000	881.6000	849.0000	878.9500	678486844.0000	14606	781633
12-04-2021	876.6000	893.3000	843.2500	851.3500	780655577.0000	14996	899033
09-04-2021	921.0000	930.1000	885.9500	899.2000	983363480.0000	20437	1087774
08-04-2021	884.0000	953.1000	882.0000	917.6500	2282444148.0000	36232	2497465
07-04-2021	869.0000	884.8500	863.0000	874.7500	653801051.0000	16077	746580
06-04-2021	875.0000	882.3000	858.1500	862.8500	794154985.0000	12422	913689
05-04-2021	863.9500	877.7500	837.4000	867.4000	1105679840.0000	23255	1287287
01-04-2021	821.0000	868.6500	818.6500	862.8500	2041805472.0000	41099	2422829
31-03-2021	793.5500	823.5000	789.4500	811.9500	1015381428.0000	19173	1251951
30-03-2021	777.1000	806.9500	777.1000	799.7500	1002889223.0000	20918	1257480
26-03-2021	730.0000	774.8500	725.4000	766.6500	1317126543.0000	26238	1739654
25-03-2021	709.0000	730.5000	688.5000	722.9000	1369670498.0000	28518	1921387
24-03-2021	735.0000	735.0000	699.0500	703.4000	538856984.0000	13859	755286
23-03-2021	745.5000	749.5500	733.5000	740.9500	493128938.0000	6640	665684
22-03-2021	732.0000	745.5000	724.8000	743.5000	626230386.0000	13384	846495
19-03-2021	703.5000	736.7000	681.2000	733.0000	707711336.0000	18414	995002
18-03-2021	716.0000	723.1500	698.1500	704.9500	464474413.0000	11376	651500
17-03-2021	725.0000	725.9500	700.4000	704.4000	362127294.0000	9591	508033
16-03-2021	740.0000	740.5500	719.5000	724.0500	390697028.0000	7251	538475
15-03-2021	723.5000	738.8000	715.1000	736.0500	563148917.0000	8151	775670
12-03-2021	739.0000	745.1000	714.3000	719.8500	439320478.0000	9982	602472
10-03-2021	716.4000	729.7000	703.0000	724.2000	554521456.0000	11676	777510
09-03-2021	743.0000	750.9000	702.0000	706.6000	665256144.0000	18874	918648
08-03-2021	744.9000	751.0000	735.0000	737.3500	405162933.0000	9971	544330
05-03-2021	750.0000	756.1500	727.1000	733.3000	652730315.0000	16865	880587
04-03-2021	753.0000	767.0500	743.9500	758.1000	647778426.0000	14248	856133
03-03-2021	739.1000	782.0000	739.1000	776.7000	1129485636.0000	23513	1462024
02-03-2021	733.9000	739.7500	723.4000	735.2000	424049933.0000	7683	577784
01-03-2021	725.9000	738.1500	711.8000	730.2000	556722870.0000	10518	764515
26-02-2021	724.0000	741.7500	711.6000	714.8000	748275486.0000	15340	1034207
25-02-2021	733.1000	752.8500	731.6000	742.9000	1003556050.0000	24983	1351779
24-02-2021	732.0000	745.0000	656.5500	729.6500	3514542295.0000	63054	4879008
23-02-2021	689.2000	736.6000	682.3000	729.5000	1160123849.0000	22066	1625959
22-02-2021	672.1500	697.1000	671.0000	683.6000	652205630.0000	14802	949428
19-02-2021	695.5500	695.6000	656.0000	670.6500	667965360.0000	19232	990072
18-02-2021	703.0000	711.0000	694.1000	697.8500	343294763.0000	7808	488302
17-02-2021	698.9500	703.2000	687.5000	696.7000	360352512.0000	7630	517852
16-02-2021	672.5000	708.7000	670.0000	698.6000	924942441.0000	19656	1323124
15-02-2021	687.9500	687.9500	669.5500	671.8500	286537577.0000	6816	422806
12-02-2021	694.2500	697.8500	678.3000	680.4500	315225997.0000	7072	458855
11-02-2021	690.2500	704.6000	683.0000	694.5000	434435721.0000	9304	626305
10-02-2021	713.0000	724.4000	680.4000	690.2500	1710014403.0000	48986	2450547
09-02-2021	706.5000	716.3000	691.7000	699.5500	693642912.0000	16463	980881
08-02-2021	694.9000	704.4500	682.7000	702.9000	840660518.0000	23531	1209448
05-02-2021	657.0000	690.0000	651.5000	685.1500	1196848449.0000	33109	1778404
04-02-2021	653.0000	663.5000	638.8000	656.1000	325894497.0000	8567	498479
03-02-2021	642.2500	664.0000	637.3000	652.9500	510737038.0000	17195	783219
02-02-2021	640.6000	647.8000	624.3500	641.7000	542650313.0000	18457	850278
01-02-2021	604.0000	639.9000	597.4500	636.1500	740053002.0000	26761	1197980
29-01-2021	629.1000	633.6000	596.3000	601.1500	763102222.0000	29570	1250837
28-01-2021	618.0000	630.5000	614.0000	623.9500	428672215.0000	15687	688563
27-01-2021	652.0000	652.0000	623.6000	625.8000	388875307.0000	19136	612290
25-01-2021	648.6000	661.7000	631.0500	652.1000	407261413.0000	11789	628262
22-01-2021	670.4000	675.8500	633.9500	646.9500	775051664.0000	27167	1186818
21-01-2021	693.0000	694.7500	661.9000	666.8000	559610852.0000	17338	825093
20-01-2021	695.0000	699.4500	682.4500	690.1500	643801395.0000	12600	933096
19-01-2021	671.0000	683.9000	647.6000	680.6500	544774203.0000	14149	814466
18-01-2021	706.0000	710.0000	659.6500	666.2000	562923380.0000	16038	834129
15-01-2021	710.0000	721.4500	698.0000	705.5500	655189467.0000	12794	921414
14-01-2021	711.0000	714.3500	697.2000	706.1500	333840360.0000	8282	473931
13-01-2021	703.2000	714.7000	693.1500	709.2000	507149649.0000	10991	719223
12-01-2021	696.6000	724.2500	691.5500	694.7500	735430225.0000	15663	1037640
11-01-2021	713.2500	713.2500	688.3000	695.5000	544327351.0000	13757	782631
08-01-2021	726.8000	727.4000	703.2000	713.0000	544213017.0000	10984	759366
07-01-2021	691.6000	731.3500	691.6000	722.7500	1226976471.0000	30050	1707019
06-01-2021	683.2000	696.3000	674.9500	683.9500	731076093.0000	17911	1066528
05-01-2021	686.0000	693.6000	675.1500	680.7000	485383471.0000	11203	710542
04-01-2021	646.5500	699.4500	646.5500	692.7500	1204352866.0000	29892	1788083
01-01-2021	644.0000	649.5500	640.4500	643.1000	362463674.0000	5314	562557
